1.5,8539,[3 4 3 5 5],1,3.33333,20,5,0.7655544444450001,0.7851840148153999,0.7630126254727071
1.5,8539,[ 5 22  5  8 10],1,3.33333,50,5,0.501421777778,0.4979792020205001,0.4592611618331309
1.5,8539,[ 8 49  6 16 21],1,3.33333,100,5,0.43091088888900003,0.38764134807275,0.3535372230188221
1.5,8539,[ 13 111   7  22  47],1,3.33333,200,5,0.43635544444450003,0.33134212397689367,0.30230581370327936
1.5,8539,[ 19 337   7  41  96],1,3.33333,500,5,0.5217261777778001,0.3036722332881389,0.272581425155788
1.5,8539,[ 21 780   9  58 132],1,3.33333,1000,5,0.6408210888889,0.2821462121065793,0.2598051746480563
1.5,8539,[  22 1717    9   73  179],1,3.33333,2000,5,0.7520615444444501,0.27841463875435774,0.2554298474090154
1.5,8539,[  22 4627   11   93  247],1,3.33333,5000,5,0.86139789777778,0.2672803233455324,0.24939203142337926
1.5,8539,[  22 9578   11  101  288],1,3.33333,10000,5,0.91942944888889,0.2665959799701182,0.2484778054738955
1,8539,[3 4 3 5 5],1,3.33333,20,5,0.7655544444450001,0.7851840148153999,0.7630126254727071
1,8539,[ 6 11  9 14 10],1,3.33333,50,5,0.435821777778,0.4400508266156,0.42976383110899596
1,8539,[ 9 22 24 26 19],1,3.33333,100,5,0.32891088888900005,0.32858882755139474,0.3197866366417908
1,8539,[19 50 47 45 39],1,3.33333,200,5,0.27095544444450004,0.2630093951167084,0.2605370305362479
1,8539,[ 47 134 126 103  90],1,3.33333,500,5,0.2412221777778,0.2255535663254759,0.22502613116365877
1,8539,[ 90 273 250 202 185],1,3.33333,1000,5,0.2312690888889,0.21294664754178838,0.21278161910769808
1,8539,[169 550 514 414 353],1,3.33333,2000,5,0.22837104444445,0.2066351809519844,0.20658187218033613
1,8539,[ 439 1337 1311 1022  891],1,3.33333,5000,5,0.22371725777778,0.20261752011059772,0.2026097340168202
1,8539,[ 873 2746 2554 2009 1818],1,3.33333,10000,5,0.22277876888889,0.20131066368768952,0.20130866504583167
0.5,8539,[3 4 3 5 5],1,3.33333,20,5,0.7655544444450001,0.7851840148153999,0.7630126254727071
0.5,8539,[12  5  9 11 13],1,3.33333,50,5,0.43822177777800003,0.44990021676620007,0.43219885407957
0.5,8539,[22 12 21 20 25],1,3.33333,100,5,0.32051088888900003,0.31840284159704,0.3151783604596272
0.5,8539,[49 33 40 36 42],1,3.33333,200,5,0.25930544444450004,0.25657699580390003,0.25635607485465045
0.5,8539,[124  78 121  79  98],1,3.33333,500,5,0.2300061777778,0.22311630987407394,0.2230234236853935
0.5,8539,[238 161 214 173 214],1,3.33333,1000,5,0.2151970888889,0.21135064485859853,0.2113372733410875
0.5,8539,[444 343 438 361 414],1,3.33333,2000,5,0.20764204444445,0.20561614486094595,0.20561443001992347
0.5,8539,[1058  890 1067  950 1035],1,3.33333,5000,5,0.20316933777778,0.20223323880744445,0.20223311182290868
0.5,8539,[2088 1813 2084 1943 2072],1,3.33333,10000,5,0.20169312888889,0.201114504061693,0.20111448434862755
1.5,8476,[8 1 2 4 5],1,3.33333,20,5,0.8305544444450002,1.1222203777787003,0.8138231074559655
1.5,8476,[13  2 11 10 14],1,3.33333,50,5,0.45822177777800005,0.5730040269956,0.45036749785672947
1.5,8476,[21  3 34 22 20],1,3.33333,100,5,0.360110888889,0.42480785754485884,0.34158127059620874
1.5,8476,[37  4 79 39 41],1,3.33333,200,5,0.3262554444445,0.3509848199937262,0.287727807129772
1.5,8476,[ 72   4 232  92 100],1,3.33333,500,5,0.3321741777778,0.32847476479847004,0.25789449454810426
1.5,8476,[130   5 550 164 151],1,3.33333,1000,5,0.3802330888889,0.2987689433695462,0.24510935294676295
1.5,8476,[ 204    5 1302  257  232],1,3.33333,2000,5,0.46973504444444997,0.2950537678258252,0.24020648445696235
1.5,8476,[ 301    5 3983  371  340],1,3.33333,5000,5,0.65054845777778,0.29298200089414445,0.23745975470725925
1.5,8476,[ 355    5 8780  457  403],1,3.33333,10000,5,0.77696818888889,0.29226664658218793,0.2365092066578958
1,8476,[8 1 2 4 5],1,3.33333,20,5,0.8305544444450002,1.1222203777787003,0.8138231074559655
1,8476,[23  3  4 11  9],1,3.33333,50,5,0.524621777778,0.568368950471261,0.4769684308519946
1,8476,[44  8 18 18 12],1,3.33333,100,5,0.390310888889,0.35207601459050003,0.33637574085109845
1,8476,[74 22 33 49 22],1,3.33333,200,5,0.3039054444445,0.268948216766,0.26584569953646126
1,8476,[192  57  78 109  64],1,3.33333,500,5,0.27091817777780003,0.22683195421582197,0.22639595382877675
1,8476,[398 109 160 219 114],1,3.33333,1000,5,0.2679530888889,0.21389997869373398,0.21375269256876323
1,8476,[790 218 324 444 224],1,3.33333,2000,5,0.26153354444445,0.20695818006928002,0.20691918938379908
1,8476,[2096  500  835 1015  554],1,3.33333,5000,5,0.26932549777778,0.2028733186327149,0.2028658577369154
1,8476,[4214 1009 1625 2067 1085],1,3.33333,10000,5,0.26977326888888997,0.20144409535167188,0.20144218597112043
0.5,8476,[8 1 2 4 5],1,3.33333,20,5,0.8305544444450002,1.1222203777787003,0.8138231074559655
0.5,8476,[13  2 13 15  7],1,3.33333,50,5,0.46862177777800007,0.5837192162803999,0.4562341940392143
0.5,8476,[26  8 23 25 18],1,3.33333,100,5,0.332910888889,0.3344421110650009,0.322154455486706
0.5,8476,[43 28 45 40 44],1,3.33333,200,5,0.26040544444450003,0.25729748301253724,0.25683515492528536
0.5,8476,[100  89  99  99 113],1,3.33333,500,5,0.2233901777778,0.22234996986902605,0.22233728176433937
0.5,8476,[185 211 183 200 221],1,3.33333,1000,5,0.2121870888889,0.21117069305877656,0.21116755800820408
0.5,8476,[358 420 368 402 452],1,3.33333,2000,5,0.20702954444445,0.20559625162715614,0.2055951530901896
0.5,8476,[ 895 1034  965 1026 1080],1,3.33333,5000,5,0.20304149777778002,0.20223168026975377,0.20223157190554725
0.5,8476,[1796 2047 1989 2034 2134],1,3.33333,10000,5,0.20174168888889,0.20111480822046893,0.20111478658710594
1.5,1290,[10  1  5  1  3],1,3.33333,20,5,0.8955544444450001,1.3703680296308,0.860758058840675
1.5,1290,[27  1 13  2  7],1,3.33333,50,5,0.603021777778,0.9808061080820001,0.534976392940338
1.5,1290,[65  1 21  2 11],1,3.33333,100,5,0.5903108888890001,0.9350708649284001,0.44631020624269946
1.5,1290,[153   2  30   2  13],1,3.33333,200,5,0.6677054444445001,0.6963511663934353,0.39899744549010807
1.5,1290,[426   2  56   2  14],1,3.33333,500,5,0.7614861777777999,0.6851693106048522,0.3743039063275819
1.5,1290,[909   3  71   2  15],1,3.33333,1000,5,0.8426710888889,0.6067479051933048,0.3581384321300002
1.5,1290,[1895    3   85    2   15],1,3.33333,2000,5,0.90517754444445,0.6054624825706367,0.3548396889359897
1.5,1290,[4883    3   96    2   16],1,3.33333,5000,5,0.95634917777778,0.6028679907676908,0.35096323955616343
1.5,1290,[9865    3  114    2   16],1,3.33333,10000,5,0.97442600888889,0.6020910320977515,0.3489949496119978
1,1290,[10  1  5  1  3],1,3.33333,20,5,0.8955544444450001,1.3703680296308,0.860758058840675
1,1290,[22  2 16  5  5],1,3.33333,50,5,0.539821777778,0.64797890202065,0.4931385839003891
1,1290,[42  4 38 11  5],1,3.33333,100,5,0.448110888889,0.46268143205514745,0.379205754821039
1,1290,[75  7 88 22  8],1,3.33333,200,5,0.4047054444445,0.35022576977408004,0.309751037154945
1,1290,[185  15 223  51  26],1,3.33333,500,5,0.37204617777779997,0.25983355082320814,0.25049727831330826
1,1290,[358  44 431 112  55],1,3.33333,1000,5,0.3425410888889,0.22442268183985062,0.222973705805654
1,1290,[729  78 846 244 103],1,3.33333,2000,5,0.33640204444445,0.2129694791942195,0.2124761283041222
1,1290,[1782  194 2138  626  260],1,3.33333,5000,5,0.33196941777778,0.20516760352532118,0.20508449722527855
1,1290,[3605  375 4259 1239  522],1,3.33333,10000,5,0.33194446888889,0.20262295803942187,0.20260065099293192
0.5,1290,[10  1  5  1  3],1,3.33333,20,5,0.8955544444450001,1.3703680296308,0.860758058840675
0.5,1290,[18  6 13  4  9],1,3.33333,50,5,0.4726217777780001,0.4934467065530001,0.45037691509022426
0.5,1290,[31 14 23 12 20],1,3.33333,100,5,0.33411088888900004,0.32466563073396415,0.3194860442041459
0.5,1290,[50 30 47 31 42],1,3.33333,200,5,0.26390544444450004,0.2580787804661169,0.25748963871864566
0.5,1290,[100  81 107  89 123],1,3.33333,500,5,0.22646217777779998,0.22269218117639705,0.2226446315261346
0.5,1290,[186 165 225 182 242],1,3.33333,1000,5,0.21524508888889998,0.2113369246552439,0.21132513105210451
0.5,1290,[384 366 451 366 433],1,3.33333,2000,5,0.20712004444444998,0.20559794936558504,0.20559682860857503
0.5,1290,[ 973  935 1106  953 1033],1,3.33333,5000,5,0.20300173777778002,0.2022305729753565,0.20223048420036138
0.5,1290,[2004 1902 2173 1906 2015],1,3.33333,10000,5,0.20159720888889,0.20111372867027383,0.20111371460203065
1.5,8097,[7 4 3 2 4],1,3.33333,20,5,0.7905544444450001,0.856083343916,0.7806051004122385
1.5,8097,[13 23  4  2  8],1,3.33333,50,5,0.5350217777780001,0.642399709773761,0.48797326809011043
1.5,8097,[23 44 13  4 16],1,3.33333,100,5,0.40171088888900003,0.4025011996725109,0.348833560432505
1.5,8097,[ 43 102  26   4  25],1,3.33333,200,5,0.3948054444445,0.36067580041843017,0.29814759593480705
1.5,8097,[100 310  52   4  34],1,3.33333,500,5,0.46212617777779996,0.3386078740675092,0.26970583085774363
1.5,8097,[160 716  75   4  45],1,3.33333,1000,5,0.5570330888889,0.3303118298649486,0.2592393778191535
1.5,8097,[ 231 1616   91    5   57],1,3.33333,2000,5,0.67464854444445,0.3037689866165272,0.2508983155794899
1.5,8097,[ 323 4483  120    5   69],1,3.33333,5000,5,0.81105437777778,0.3005087443602583,0.246841929461465
1.5,8097,[ 370 9419  131    6   74],1,3.33333,10000,5,0.88988244888889,0.28472100346982687,0.24321532176801147
1,8097,[7 4 3 2 4],1,3.33333,20,5,0.7905544444450001,0.856083343916,0.7806051004122385
1,8097,[16 10  8  6 10],1,3.33333,50,5,0.44462177777800005,0.44629580370395,0.4335030621338049
1,8097,[31 15 16 20 18],1,3.33333,100,5,0.327710888889,0.31865766790135325,0.31625955296496944
1,8097,[51 34 26 53 36],1,3.33333,200,5,0.26900544444450003,0.25961181349208545,0.25864889865485907
1,8097,[139  87  77 112  85],1,3.33333,500,5,0.23257417777779998,0.22327497023924175,0.223176009528589
1,8097,[280 172 146 229 173],1,3.33333,1000,5,0.2227810888889,0.21172524596110726,0.21169367452202928
1,8097,[575 325 305 457 338],1,3.33333,2000,5,0.21864754444445,0.20588510188550857,0.20587684606715587
1,8097,[1407  790  778 1159  866],1,3.33333,5000,5,0.21431301777778,0.20234641711304407,0.20234513247667388
1,8097,[2878 1550 1519 2326 1727],1,3.33333,10000,5,0.21496660888889,0.20118218166383317,0.20118181105537417
0.5,8097,[7 4 3 2 4],1,3.33333,20,5,0.7905544444450001,0.856083343916,0.7806051004122385
0.5,8097,[15 11  9  8  7],1,3.33333,50,5,0.43822177777800003,0.4384635282029,0.43018533076143295
0.5,8097,[29 21 16 18 16],1,3.33333,100,5,0.32291088888900005,0.3167363717692587,0.31489896916655175
0.5,8097,[54 36 32 49 29],1,3.33333,200,5,0.26750544444450003,0.25886086813688364,0.25813639098032
0.5,8097,[123  93  81 111  92],1,3.33333,500,5,0.22671817777779998,0.22271418688782565,0.22266509855176023
0.5,8097,[220 193 183 202 202],1,3.33333,1000,5,0.21185708888889998,0.211152098882009,0.2111499538762835
0.5,8097,[444 401 365 386 404],1,3.33333,2000,5,0.20639904444444998,0.20557850660544402,0.20557789532420317
0.5,8097,[1048 1017  923 1004 1008],1,3.33333,5000,5,0.20256629777778,0.20222621140950858,0.20222616552680803
0.5,8097,[2104 2076 1891 1968 1961],1,3.33333,10000,5,0.20142128888889,0.20111283131066612,0.2011128217908925
1.5,8588,[2 7 6 3 2],1,3.33333,20,5,0.8105544444450001,0.9301572698420002,0.796916017499854
1.5,8588,[ 7 21 12  8  2],1,3.33333,50,5,0.5030217777780001,0.5994701005295,0.46929358769991913
1.5,8588,[10 49 28 11  2],1,3.33333,100,5,0.45211088888900003,0.5320133537006,0.3766787356617103
1.5,8588,[ 13 123  48  13   3],1,3.33333,200,5,0.5000554444445,0.4293963864570427,0.33111253302196736
1.5,8588,[ 17 345 117  18   3],1,3.33333,500,5,0.5555661777777999,0.40406980411413507,0.30141071314358947
1.5,8588,[ 20 775 181  21   3],1,3.33333,1000,5,0.6453470888889,0.3945629732785716,0.290912051681541
1.5,8588,[  25 1706  244   22    3],1,3.33333,2000,5,0.74832804444445,0.38820958176466935,0.28414643654721994
1.5,8588,[  28 4605  341   23    3],1,3.33333,5000,5,0.85516733777778,0.38474433562315125,0.280205200134875
1.5,8588,[  29 9554  390   24    3],1,3.33333,10000,5,0.91543552888889,0.38317809114842044,0.2785303371306788
1,8588,[2 7 6 3 2],1,3.33333,20,5,0.8105544444450001,0.9301572698420002,0.796916017499854
1,8588,[10 11 17 10  2],1,3.33333,50,5,0.46782177777800005,0.5776581870473176,0.4541030038357238
1,8588,[23 27 30 18  2],1,3.33333,100,5,0.35971088888900005,0.49751237688346095,0.3468228217685309
1,8588,[39 44 80 32  5],1,3.33333,200,5,0.3282054444445,0.329830095169775,0.28511790475931076
1,8588,[ 95 109 213  73  10],1,3.33333,500,5,0.30903817777779996,0.26137502993145234,0.24421292121742683
1,8588,[192 213 441 135  19],1,3.33333,1000,5,0.3064110888889,0.23209314873138648,0.22593292988932484
1,8588,[358 418 887 301  36],1,3.33333,2000,5,0.30094404444445,0.21662799928478704,0.2145837863473887
1,8588,[ 914 1005 2237  758   86],1,3.33333,5000,5,0.29948421777778,0.20688145834304922,0.20647296070805618
1,8588,[1792 1965 4506 1548  189],1,3.33333,10000,5,0.29919660888889,0.20321149047043666,0.20312387523120523
0.5,8588,[2 7 6 3 2],1,3.33333,20,5,0.8105544444450001,0.9301572698420002,0.796916017499854
0.5,8588,[ 7 10 16  7 10],1,3.33333,50,5,0.443821777778,0.4436503063494501,0.43279908673756967
0.5,8588,[17 19 25 17 22],1,3.33333,100,5,0.31591088888900004,0.31365896522637005,0.3127715255393344
0.5,8588,[33 37 53 34 43],1,3.33333,200,5,0.26235544444450004,0.2572734679052168,0.2569233645018601
0.5,8588,[ 80 100 109  94 117],1,3.33333,500,5,0.2254461777778,0.2226042296118972,0.22256327631228887
0.5,8588,[173 190 232 197 208],1,3.33333,1000,5,0.2130370888889,0.21121672600331626,0.21121118284816698
0.5,8588,[354 377 448 415 406],1,3.33333,2000,5,0.20685804444445,0.20559208403782103,0.2055910817404563
0.5,8588,[ 940  925 1085 1008 1042],1,3.33333,5000,5,0.20295333777778002,0.2022303627591906,0.20223027286963013
0.5,8588,[1987 1851 2139 1973 2050],1,3.33333,10000,5,0.20156030888888998,0.2011136311989528,0.20111361707890135
1.5,8150,[2 2 6 5 5],1,3.33333,20,5,0.7905544444450001,0.8962949037044001,0.783437762074642
1.5,8150,[ 8  2 14 14 12],1,3.33333,50,5,0.46382177777800004,0.5783061216935,0.45342749353103196
1.5,8150,[17  3 29 33 18],1,3.33333,100,5,0.36631088888900004,0.4277765254348763,0.3440248573288005
1.5,8150,[31  4 50 85 30],1,3.33333,200,5,0.34560544444450003,0.35438018178664676,0.2912768474986687
1.5,8150,[ 54   6 124 261  55],1,3.33333,500,5,0.3801181777778,0.2956722251532879,0.2571444319970327
1.5,8150,[ 73   7 224 616  80],1,3.33333,1000,5,0.45252108888889997,0.2778413711311538,0.24585273574036265
1.5,8150,[ 105    7  347 1440  101],1,3.33333,2000,5,0.5593765444444501,0.27371462203933933,0.2407887353032613
1.5,8150,[ 134    7  544 4193  122],1,3.33333,5000,5,0.71862517777778,0.2713746478086556,0.2378798537647067
1.5,8150,[ 145    7  689 9020  139],1,3.33333,10000,5,0.81986626888889,0.27044882920900926,0.23673068798344982
1,8150,[2 2 6 5 5],1,3.33333,20,5,0.7905544444450001,0.8962949037044001,0.783437762074642
1,8150,[ 6  4 19  7 14],1,3.33333,50,5,0.485421777778,0.5038144856588948,0.4565419931352142
1,8150,[17  8 30 15 30],1,3.33333,100,5,0.348910888889,0.34095832374741764,0.32708839580893934
1,8150,[37 17 53 32 61],1,3.33333,200,5,0.2858554444445,0.267716275051711,0.2639446878101583
1,8150,[102  44 128  78 148],1,3.33333,500,5,0.2490701777778,0.22663148623613422,0.2259497208972847
1,8150,[206 102 248 164 280],1,3.33333,1000,5,0.2307510888889,0.2126042139525213,0.2124906109096838
1,8150,[408 201 508 328 555],1,3.33333,2000,5,0.22569004444444998,0.20633118333622807,0.20630002658491609
1,8150,[1011  531 1220  778 1460],1,3.33333,5000,5,0.22339685777778,0.20251657698308523,0.20251217607322897
1,8150,[1960 1131 2444 1621 2844],1,3.33333,10000,5,0.21920984888889,0.2012320256554172,0.20123115912827705
0.5,8150,[2 2 6 5 5],1,3.33333,20,5,0.7905544444450001,0.8962949037044001,0.783437762074642
0.5,8150,[ 6  7 12 15 10],1,3.33333,50,5,0.443821777778,0.44867675132300006,0.4339264718781653
0.5,8150,[13 16 26 27 18],1,3.33333,100,5,0.32651088888900004,0.32021185201025004,0.31678541867623666
0.5,8150,[22 46 39 56 37],1,3.33333,200,5,0.2712054444445,0.26120826487863047,0.2596297012633161
0.5,8150,[ 71 104 100 146  79],1,3.33333,500,5,0.23587817777779999,0.22364770140418516,0.223507043914624
0.5,8150,[165 208 211 248 168],1,3.33333,1000,5,0.2158490888889,0.2113743211971397,0.2113602906523733
0.5,8150,[332 407 411 503 347],1,3.33333,2000,5,0.21010854444444999,0.2056764582582151,0.20567327850829306
0.5,8150,[ 914 1052 1031 1116  887],1,3.33333,5000,5,0.20371365777778,0.2022391277058465,0.20223893755508168
0.5,8150,[1807 2080 2045 2179 1889],1,3.33333,10000,5,0.20201146888889,0.2011162097473317,0.20111618093989048
1.5,4154,[10  1  3  4  2],1,3.33333,20,5,0.8805544444450002,1.1703684296306003,0.8430982866585005
1.5,4154,[32  2  6  7  3],1,3.33333,50,5,0.6710217777780001,0.7218243531751252,0.5421337799862449
1.5,4154,[76  4  8  8  4],1,3.33333,100,5,0.704710888889,0.5391806081874737,0.4466135928262148
1.5,4154,[166   5  13  12   4],1,3.33333,200,5,0.7533054444445,0.4739018995918024,0.3889962816864495
1.5,4154,[459   6  16  15   4],1,3.33333,500,5,0.8670781777777999,0.44356039402106184,0.36279809666159646
1.5,4154,[951   8  18  18   5],1,3.33333,1000,5,0.9162490888889,0.39429411622093663,0.3385190039373732
1.5,4154,[1950    8   18   19    5],1,3.33333,2000,5,0.9563740444444501,0.3927551500516748,0.33640555246843284
1.5,4154,[4944   10   19   22    5],1,3.33333,5000,5,0.97998645777778,0.37701670808786714,0.3249692353494329
1.5,4154,[9943   11   19   22    5],1,3.33333,10000,5,0.98975350888889,0.3729311157277521,0.32235772819531816
1,4154,[10  1  3  4  2],1,3.33333,20,5,0.8805544444450002,1.1703684296306003,0.8430982866585005
1,4154,[25  3  5 12  5],1,3.33333,50,5,0.5534217777780001,0.5807399792596402,0.4890385294750518
1,4154,[43  4 11 28 14],1,3.33333,100,5,0.40771088888900003,0.4094696975068372,0.35332095396453994
1,4154,[74  9 27 58 32],1,3.33333,200,5,0.32240544444450003,0.2934011647405043,0.2772449711730418
1,4154,[179  16  75 144  86],1,3.33333,500,5,0.2864381777778,0.24444092308837292,0.2371557758005829
1,4154,[382  34 140 275 169],1,3.33333,1000,5,0.2819770888889,0.22165593281941925,0.21971376964090167
1,4154,[787  68 270 557 318],1,3.33333,2000,5,0.28262204444445,0.21094229825387556,0.21040297105395747
1,4154,[1983  181  645 1405  786],1,3.33333,5000,5,0.28113805777778,0.20425045563833483,0.2041703386486901
1,4154,[3940  408 1299 2772 1581],1,3.33333,10000,5,0.27672120888889,0.20198571685930414,0.20197023666275715
0.5,4154,[10  1  3  4  2],1,3.33333,20,5,0.8805544444450002,1.1703684296306003,0.8430982866585005
0.5,4154,[19  6  7  7 11],1,3.33333,50,5,0.46862177777800007,0.46485352461989476,0.4440218141608867
0.5,4154,[35 18 13 15 19],1,3.33333,100,5,0.34151088888900005,0.32459899820789473,0.3203081162597774
0.5,4154,[58 32 29 40 41],1,3.33333,200,5,0.26830544444450005,0.258828496491041,0.25813920429151765
0.5,4154,[137  87  78  98 100],1,3.33333,500,5,0.23032617777779998,0.2230302283393506,0.2229549706780026
0.5,4154,[260 183 187 178 192],1,3.33333,1000,5,0.21571708888889998,0.21132643919810173,0.21131678899157555
0.5,4154,[465 414 402 335 384],1,3.33333,2000,5,0.20778204444445,0.20561901100826946,0.20561722866060894
0.5,4154,[1122 1027  928  915 1008],1,3.33333,5000,5,0.20334565777778002,0.20223444944462363,0.20223431719189644
0.5,4154,[2200 2030 1929 1904 1937],1,3.33333,10000,5,0.20170236888888998,0.20111423419598493,0.20111421774241917
1.5,8411,[11  4  2  1  2],1,3.33333,20,5,0.9205544444450001,1.2404019595970002,0.8696798408174116
1.5,8411,[29 11  2  1  7],1,3.33333,50,5,0.6286217777780001,0.9858868692847587,0.5428601203697068
1.5,8411,[61 22  4  1 12],1,3.33333,100,5,0.5477108888890001,0.8200793471331476,0.4207242840271614
1.5,8411,[141  35   4   1  19],1,3.33333,200,5,0.5926554444445,0.7947966797827928,0.3753383722926258
1.5,8411,[411  52   4   1  32],1,3.33333,500,5,0.7128861777778,0.7790716681905265,0.34636053719744525
1.5,8411,[894  66   4   1  35],1,3.33333,1000,5,0.8159450888888999,0.7754839654550565,0.33898950554387125
1.5,8411,[1865   89    4    2   40],1,3.33333,2000,5,0.87749704444445,0.5496758109076272,0.3243648674364059
1.5,8411,[4845  103    4    2   46],1,3.33333,5000,5,0.94169301777778,0.5474012014844097,0.3202010538372646
1.5,8411,[9831  115    4    2   48],1,3.33333,10000,5,0.96775220888889,0.5465018423549314,0.31846679548912843
1,8411,[11  4  2  1  2],1,3.33333,20,5,0.9205544444450001,1.2404019595970002,0.8696798408174116
1,8411,[25 15  3  4  3],1,3.33333,50,5,0.575821777778,0.6548139051856401,0.5110696448330223
1,8411,[55 27  8  6  4],1,3.33333,100,5,0.498110888889,0.46528192360670007,0.388447645954737
1,8411,[108  55  15  12  10],1,3.33333,200,5,0.4345054444445,0.32330689891520004,0.30247721048356724
1,8411,[267 126  41  33  33],1,3.33333,500,5,0.3863181777778,0.24296797219595673,0.2402682916561886
1,8411,[554 236  95  58  57],1,3.33333,1000,5,0.3893610888889,0.2228239085904073,0.22188893881370064
1,8411,[1080  464  206  118  132],1,3.33333,2000,5,0.36942554444444997,0.21066033473205495,0.21045739751819786
1,8411,[2741 1161  494  259  345],1,3.33333,5000,5,0.37386797777777997,0.20444888127121277,0.20440912989627733
1,8411,[5467 2353  996  497  687],1,3.33333,10000,5,0.37246802888889,0.20225759442955776,0.20224672566412769
0.5,8411,[11  4  2  1  2],1,3.33333,20,5,0.9205544444450001,1.2404019595970002,0.8696798408174116
0.5,8411,[18 15  6  7  4],1,3.33333,50,5,0.482221777778,0.5029976303354,0.4556536713608743
0.5,8411,[33 27 10 16 14],1,3.33333,100,5,0.34811088888900005,0.33389690499185,0.3248928154902777
0.5,8411,[61 49 18 41 31],1,3.33333,200,5,0.2827554444445,0.26622452082292886,0.2629970221384274
0.5,8411,[136 120  61 106  77],1,3.33333,500,5,0.2373501777778,0.22422248150337265,0.22398106017942676
0.5,8411,[253 217 145 221 164],1,3.33333,1000,5,0.2189710888889,0.21159102734164914,0.2115629508432145
0.5,8411,[437 405 340 427 391],1,3.33333,2000,5,0.20700654444445,0.20559914743468777,0.20559786887758827
0.5,8411,[1037 1020  879 1065  999],1,3.33333,5000,5,0.20304765777778,0.20223214525839792,0.20223202701777104
0.5,8411,[2030 2029 1894 2083 1964],1,3.33333,10000,5,0.20132272888889,0.20111230415147427,0.20111229743292675
1.5,8488,[4 4 6 2 4],1,3.33333,20,5,0.7755544444450001,0.8296283703710001,0.770825041555145
1.5,8488,[12 14 13  7  4],1,3.33333,50,5,0.45182177777800003,0.47757372242600005,0.44108539236519184
1.5,8488,[17 37 29 12  5],1,3.33333,100,5,0.37791088888900004,0.3794070404710763,0.3417207964119942
1.5,8488,[24 87 61 20  8],1,3.33333,200,5,0.3638054444445,0.30869061024653377,0.28754847942799877
1.5,8488,[ 35 277 155  23  10],1,3.33333,500,5,0.43265417777779996,0.2809382428554798,0.2630517077997121
1.5,8488,[ 45 647 271  27  10],1,3.33333,1000,5,0.5060150888889,0.273108694321825,0.25459210087817064
1.5,8488,[  53 1446  460   31   10],1,3.33333,2000,5,0.58215204444445,0.26844051423882664,0.2496684008424842
1.5,8488,[  60 4110  783   36   11],1,3.33333,5000,5,0.70263045777778,0.26083275991836086,0.24457642553162656
1.5,8488,[  65 8833 1053   38   11],1,3.33333,10000,5,0.79247598888889,0.2594098257148542,0.24309838799298558
1,8488,[4 4 6 2 4],1,3.33333,20,5,0.7755544444450001,0.8296283703710001,0.770825041555145
1,8488,[11  5 20  9  5],1,3.33333,50,5,0.48302177777800004,0.48978617688020004,0.4527856911931171
1,8488,[23  8 41 21  7],1,3.33333,100,5,0.38751088888900004,0.370375079359639,0.3424497297657254
1,8488,[52 17 74 45 12],1,3.33333,200,5,0.3215054444445,0.28761021042891766,0.2762926112507902
1,8488,[124  37 187 111  41],1,3.33333,500,5,0.2850861777778,0.23281699643275094,0.23113260435650504
1,8488,[257  81 351 219  92],1,3.33333,1000,5,0.2633470888889,0.21534286162892385,0.21499816660395327
1,8488,[504 193 712 424 167],1,3.33333,2000,5,0.25702404444445,0.20751842186737465,0.2074383903352469
1,8488,[1234  499 1771 1112  384],1,3.33333,5000,5,0.25391013777778,0.2030588742236997,0.20304382313836256
1,8488,[2496 1008 3535 2228  733],1,3.33333,10000,5,0.25354688888889,0.201550521104924,0.20154635142298408
0.5,8488,[4 4 6 2 4],1,3.33333,20,5,0.7755544444450001,0.8296283703710001,0.770825041555145
0.5,8488,[11  6 11 12 10],1,3.33333,50,5,0.43102177777800005,0.4363631636366001,0.4276169280847123
0.5,8488,[19 10 25 25 21],1,3.33333,100,5,0.326310888889,0.32455558491797476,0.3181392758799419
0.5,8488,[32 28 43 53 44],1,3.33333,200,5,0.2656054444445,0.258584459241283,0.2578704033485112
0.5,8488,[ 91  91  92 115 111],1,3.33333,500,5,0.2245101777778,0.2224676210106174,0.22244383106670929
0.5,8488,[187 171 194 225 223],1,3.33333,1000,5,0.2133110888889,0.21123505990837962,0.21122841272971307
0.5,8488,[389 363 401 423 424],1,3.33333,2000,5,0.20620454444445,0.20557413879391406,0.20557361979031674
0.5,8488,[ 980  977  972 1033 1038],1,3.33333,5000,5,0.20239205777778002,0.20222408512910917,0.20222406482052574
0.5,8488,[2003 1998 1965 2055 1979],1,3.33333,10000,5,0.20115814888889,0.2011113671955083,0.20111136578456695
1.5,6146,[4 3 8 2 3],1,3.33333,20,5,0.8105544444450001,0.8851838148155,0.7929889870927969
1.5,6146,[ 7  5 25  4  9],1,3.33333,50,5,0.540621777778,0.5306518960144401,0.47587832403369146
1.5,6146,[11  9 58  8 14],1,3.33333,100,5,0.493710888889,0.38475080950187934,0.3622717761369074
1.5,6146,[ 18  12 136  10  24],1,3.33333,200,5,0.5465554444445001,0.32795907596236473,0.3106310460382309
1.5,6146,[ 29  17 406  19  29],1,3.33333,500,5,0.6908941777777999,0.2812814728980124,0.2735913500728154
1.5,6146,[ 39  18 887  22  34],1,3.33333,1000,5,0.8013650888889,0.2698622100855504,0.26299558170327725
1.5,6146,[  45   20 1870   26   39],1,3.33333,2000,5,0.8809360444444501,0.2608263430951647,0.2552451909207488
1.5,6146,[  52   23 4852   31   42],1,3.33333,5000,5,0.94413669777778,0.25288110268344444,0.24857873997335314
1.5,6146,[  56   24 9843   34   43],1,3.33333,10000,5,0.97002476888889,0.24990789272866137,0.2459896909526861
1,6146,[4 3 8 2 3],1,3.33333,20,5,0.8105544444450001,0.8851838148155,0.7929889870927969
1,6146,[ 9  7 20  7  7],1,3.33333,50,5,0.4734217777780001,0.4620806045858,0.44446764884560713
1,6146,[20 17 37 16 10],1,3.33333,100,5,0.352510888889,0.3325999821057677,0.32462222960938447
1,6146,[45 36 75 26 18],1,3.33333,200,5,0.30420544444450004,0.26993338339988004,0.26623925746654814
1,6146,[105 117 188  53  37],1,3.33333,500,5,0.2791661777778,0.23079323555224418,0.22948852499176645
1,6146,[225 224 384  96  71],1,3.33333,1000,5,0.27362508888889997,0.21600622155831645,0.2155865204010709
1,6146,[448 434 764 215 139],1,3.33333,2000,5,0.26513104444445,0.2078624723822117,0.207755846235377
1,6146,[1081 1086 1915  553  365],1,3.33333,5000,5,0.26039085777778,0.2030738237173118,0.20305842044584074
1,6146,[2178 2165 3849 1107  701],1,3.33333,10000,5,0.26073670888889,0.20156031431037688,0.20155602845558981
0.5,6146,[4 3 8 2 3],1,3.33333,20,5,0.8105544444450001,0.8851838148155,0.7929889870927969
0.5,6146,[ 9  9 14  7 11],1,3.33333,50,5,0.43342177777800006,0.43440709892600005,0.4279827610041742
0.5,6146,[20 17 26 14 23],1,3.33333,100,5,0.320110888889,0.3165295003501785,0.3144663440423865
0.5,6146,[37 32 46 37 48],1,3.33333,200,5,0.2601054444445,0.25683389425300546,0.2565514561126204
0.5,6146,[110  83 118  87 102],1,3.33333,500,5,0.2257661777778,0.2226274447785406,0.2225856102218054
0.5,6146,[232 176 226 163 203],1,3.33333,1000,5,0.2147650888889,0.21132354156177358,0.21131179318498217
0.5,6146,[442 386 443 337 392],1,3.33333,2000,5,0.20751604444445,0.20561280335916182,0.20561116670969884
0.5,6146,[1120  992 1069  842  977],1,3.33333,5000,5,0.20401093777778,0.20224335785261718,0.2022431088717885
0.5,6146,[2100 1963 2152 1740 2045],1,3.33333,10000,5,0.20215208888889,0.20111733511654184,0.20111729797381397
1.5,9086,[2 8 1 3 6],1,3.33333,20,5,0.8405544444450002,1.1444425555565,0.8217161202132828
1.5,9086,[ 5 18  2 12 13],1,3.33333,50,5,0.4886217777780001,0.6070267263062001,0.46737462410170194
1.5,9086,[ 6 36  2 24 32],1,3.33333,100,5,0.40471088888900003,0.541048700617625,0.37131145215224337
1.5,9086,[ 9 67  2 52 70],1,3.33333,200,5,0.3600054444445,0.49313406606962096,0.3179885258185541
1.5,9086,[ 14 153   3 126 204],1,3.33333,500,5,0.3466461777778,0.3885046546324118,0.2801334845496922
1.5,9086,[ 14 288   3 235 460],1,3.33333,1000,5,0.3610850888889,0.38429445771121684,0.27290767616079026
1.5,9086,[  17  513    3  404 1063],1,3.33333,2000,5,0.39471854444445,0.3766761629942482,0.26602597299315256
1.5,9086,[  22 1019    3  763 3193],1,3.33333,5000,5,0.47487309777778,0.3695076761568834,0.2598468089184148
1.5,9086,[  25 1604    3 1093 7275],1,3.33333,10000,5,0.56804834888889,0.3666703977066036,0.25730494711138197
1,9086,[2 8 1 3 6],1,3.33333,20,5,0.8405544444450002,1.1444425555565,0.8217161202132828
1,9086,[ 4 24  1  4 17],1,3.33333,50,5,0.5814217777780001,0.9113275533776177,0.5262410633596322
1,9086,[11 43  5  7 34],1,3.33333,100,5,0.431110888889,0.4161923731370961,0.36460512549832125
1,9086,[13 95 14 19 59],1,3.33333,200,5,0.38635544444450004,0.30153699498386694,0.28864192270178235
1,9086,[ 29 238  35  53 145],1,3.33333,500,5,0.35239817777779997,0.24134229247832523,0.23849605518242614
1,9086,[ 47 475  75 112 291],1,3.33333,1000,5,0.3417950888889,0.2218133740537726,0.22075660006683673
1,9086,[ 93 940 165 217 585],1,3.33333,2000,5,0.33275254444444996,0.21075323212024147,0.2104751541686976
1,9086,[ 244 2262  437  574 1483],1,3.33333,5000,5,0.31805877777777997,0.20410898997594687,0.20406762541086057
1,9086,[ 502 4504  879 1186 2929],1,3.33333,10000,5,0.31407408888889,0.202016127940693,0.20200627610543512
0.5,9086,[2 8 1 3 6],1,3.33333,20,5,0.8405544444450002,1.1444425555565,0.8217161202132828
0.5,9086,[ 4 18  9  5 14],1,3.33333,50,5,0.47902177777800004,0.5058194941802001,0.4548743009829653
0.5,9086,[15 30 19 13 23],1,3.33333,100,5,0.32951088888900004,0.32134772029975567,0.31759804229662425
0.5,9086,[36 55 39 25 45],1,3.33333,200,5,0.26785544444450005,0.25947670052324,0.25848851429316444
0.5,9086,[ 91 121 102  96  90],1,3.33333,500,5,0.2247901777778,0.22248225421112797,0.22245821022160586
0.5,9086,[185 221 208 205 181],1,3.33333,1000,5,0.2122270888889,0.21117370887471168,0.2111703737792106
0.5,9086,[382 431 427 391 369],1,3.33333,2000,5,0.20631954444445,0.20557664613290486,0.2055760782961246
0.5,9086,[ 974 1047 1016  990  973],1,3.33333,5000,5,0.20238101777778,0.20222395381457411,0.20222393503396027
0.5,9086,[1898 2076 2058 2002 1966],1,3.33333,10000,5,0.20131814888889,0.20111227426697792,0.20111226773944668
1.5,5074,[4 6 5 2 3],1,3.33333,20,5,0.7805544444450001,0.8444431555562002,0.7746877143393268
1.5,5074,[ 7 14 11  9  9],1,3.33333,50,5,0.43342177777800006,0.43440709892600005,0.42798276100417415
1.5,5074,[13 22 24 22 19],1,3.33333,100,5,0.31851088888900003,0.31650217297139477,0.31421122692532377
1.5,5074,[20 46 66 30 38],1,3.33333,200,5,0.28595544444450005,0.2651286556950778,0.2626257634996719
1.5,5074,[ 30 140 201  58  71],1,3.33333,500,5,0.29944617777779997,0.2341231322900323,0.23214091733419903
1.5,5074,[ 40 323 440  84 113],1,3.33333,1000,5,0.33046508888889997,0.22272129763814155,0.22131849056977881
1.5,5074,[ 47 685 995 121 152],1,3.33333,2000,5,0.38035654444445,0.21714880350822863,0.2160029426128121
1.5,5074,[  53 1677 2893  161  216],1,3.33333,5000,5,0.45250877777778,0.21362250570901864,0.21263923960865072
1.5,5074,[  55 3008 6504  181  252],1,3.33333,10000,5,0.51560480888889,0.21251603380102874,0.21157389933506773
1,5074,[4 6 5 2 3],1,3.33333,20,5,0.7805544444450001,0.8444431555562002,0.7746877143393268
1,5074,[ 6 11 19  8  6],1,3.33333,50,5,0.46942177777800004,0.4674990219743948,0.4447628031274575
1,5074,[10 20 48  9 13],1,3.33333,100,5,0.416510888889,0.35949635717015005,0.3430228128240805
1,5074,[ 26  39 100  17  18],1,3.33333,200,5,0.37580544444450004,0.28376945426967765,0.27762856007896736
1,5074,[ 64  99 250  48  39],1,3.33333,500,5,0.3431101777778,0.23386676296653652,0.23261702997306638
1,5074,[120 220 481  91  88],1,3.33333,1000,5,0.32129708888889996,0.21658238341760003,0.21627803729954115
1,5074,[241 430 969 206 154],1,3.33333,2000,5,0.31757904444445,0.20837990597719458,0.20829294289359868
1,5074,[ 579 1072 2480  507  362],1,3.33333,5000,5,0.32313893777777997,0.20346576856671822,0.20344938462208134
1,5074,[1171 2142 4993  975  719],1,3.33333,10000,5,0.32468150888888997,0.20175002600009934,0.2017457532659249
0.5,5074,[4 6 5 2 3],1,3.33333,20,5,0.7805544444450001,0.8444431555562002,0.7746877143393268
0.5,5074,[ 8 11 13 12  6],1,3.33333,50,5,0.435821777778,0.44125825874150004,0.43008067625880486
0.5,5074,[15 26 26 21 12],1,3.33333,100,5,0.327310888889,0.32201847798140004,0.3175734363447646
0.5,5074,[40 49 48 40 23],1,3.33333,200,5,0.26640544444450004,0.2598753280128109,0.25862023860777505
0.5,5074,[ 96 117 107 100  80],1,3.33333,500,5,0.2252381777778,0.22258194132769343,0.22254309952503326
0.5,5074,[202 222 208 192 176],1,3.33333,1000,5,0.21230308888889998,0.21117901914275186,0.2111753372608713
0.5,5074,[424 434 417 374 351],1,3.33333,2000,5,0.20683004444445,0.2055926640176305,0.20559161142835297
0.5,5074,[1032 1033 1083  940  912],1,3.33333,5000,5,0.20303605777778,0.20223143042982863,0.20223132713720413
0.5,5074,[2078 2050 2080 1902 1890],1,3.33333,10000,5,0.20147798888889,0.20111318397235567,0.2011131723003455
1.5,4367,[2 4 9 3 2],1,3.33333,20,5,0.8405544444450002,0.9530849135810002,0.8130711919318175
1.5,4367,[ 5  7 23 12  3],1,3.33333,50,5,0.524621777778,0.556889095284461,0.4755233020303443
1.5,4367,[ 8 11 46 25 10],1,3.33333,100,5,0.41371088888900004,0.3678433182434705,0.3463163060483778
1.5,4367,[ 11  13 106  58  12],1,3.33333,200,5,0.4314054444445,0.3234845720260397,0.3030080561250457
1.5,4367,[ 14  21 336 112  17],1,3.33333,500,5,0.5276861777778,0.28434468036111765,0.27071049345571757
1.5,4367,[ 17  27 780 156  20],1,3.33333,1000,5,0.6452650888889,0.2682455853491177,0.25802974151060143
1.5,4367,[  24   30 1723  200   23],1,3.33333,2000,5,0.75823904444445,0.25513706480231835,0.2482311326856464
1.5,4367,[  26   37 4653  261   23],1,3.33333,5000,5,0.87106637777778,0.25022797025110166,0.24386050285508384
1.5,4367,[  27   37 9620  292   24],1,3.33333,10000,5,0.92743448888889,0.2485596088223822,0.24252754764861917
1,4367,[2 4 9 3 2],1,3.33333,20,5,0.8405544444450002,0.9530849135810002,0.8130711919318175
1,4367,[ 5  6 26  7  6],1,3.33333,50,5,0.5510217777780001,0.5176224823772,0.4764746294678009
1,4367,[12  9 54 13 12],1,3.33333,100,5,0.45651088888900004,0.36587494523600006,0.35032409069222337
1,4367,[24 33 97 26 20],1,3.33333,200,5,0.3593054444445,0.2758845210226196,0.2723060872477263
1,4367,[ 52  69 254  79  46],1,3.33333,500,5,0.34357417777779997,0.23202566439784503,0.2311881985994116
1,4367,[ 95 121 522 167  95],1,3.33333,1000,5,0.34417508888889997,0.21654255676071288,0.21629818670785628
1,4367,[ 196  261 1054  317  172],1,3.33333,2000,5,0.34243704444445,0.20837809553939596,0.2083097266557018
1,4367,[ 438  609 2697  777  479],1,3.33333,5000,5,0.34901037777778,0.20340915205173946,0.20339796243885788
1,4367,[ 922 1194 5394 1557  933],1,3.33333,10000,5,0.34776804888889,0.20169847790568496,0.20169576503152964
0.5,4367,[2 4 9 3 2],1,3.33333,20,5,0.8405544444450002,0.9530849135810002,0.8130711919318175
0.5,4367,[ 4 17 14  8  7],1,3.33333,50,5,0.46782177777800005,0.4880479766576177,0.44801238930746445
0.5,4367,[10 24 30 18 18],1,3.33333,100,5,0.33351088888900005,0.3271602395063,0.32014324641903
0.5,4367,[27 50 51 41 31],1,3.33333,200,5,0.26735544444450005,0.25924129866960716,0.2583528297839572
0.5,4367,[ 88 118 111 100  83],1,3.33333,500,5,0.2257341777778,0.22262013894406144,0.22257937795017851
0.5,4367,[179 216 215 210 180],1,3.33333,1000,5,0.2125330888889,0.21119324202084175,0.21118875361680148
0.5,4367,[370 407 415 418 390],1,3.33333,2000,5,0.20595504444444998,0.20556700698847255,0.20556668696489844
0.5,4367,[ 977 1015  993 1065  950],1,3.33333,5000,5,0.20252333777778,0.20222551163289063,0.20222547594353493
0.5,4367,[1954 1975 1972 2097 2002],1,3.33333,10000,5,0.20124048888888998,0.201111807311105,0.20111180356011105
1.5,5668,[3 4 1 5 7],1,3.33333,20,5,0.8055544444450001,1.0560829439162,0.7957204322849967
1.5,5668,[ 5 16  6 12 11],1,3.33333,50,5,0.455021777778,0.4681812818184501,0.44094069333832053
1.5,5668,[ 6 38 15 23 18],1,3.33333,100,5,0.36691088888900003,0.3594143208296083,0.33428459483632705
1.5,5668,[ 8 71 27 70 24],1,3.33333,200,5,0.3383054444445,0.3031437603929127,0.2826214965241364
1.5,5668,[ 12 217  43 193  35],1,3.33333,500,5,0.3724461777778,0.26442219023959734,0.2519028930710252
1.5,5668,[ 13 496  54 395  42],1,3.33333,1000,5,0.4180010888889,0.2550216205579261,0.24330617020007
1.5,5668,[  13 1093   71  774   49],1,3.33333,2000,5,0.45588954444444996,0.25049885454790666,0.23839067064362154
1.5,5668,[  13 3091   87 1748   61],1,3.33333,5000,5,0.50707197777778,0.24698051701479273,0.23463493781603098
1.5,5668,[  13 6619   91 3214   63],1,3.33333,10000,5,0.54264486888889,0.246332050792023,0.23390108784087305
1,5668,[3 4 1 5 7],1,3.33333,20,5,0.8055544444450001,1.0560829439162,0.7957204322849967
1,5668,[ 5 12  2 20 11],1,3.33333,50,5,0.4998217777780001,0.6107735892260001,0.471150357628243
1,5668,[14 26  2 39 19],1,3.33333,100,5,0.386910888889,0.5058494836238949,0.35461846741397746
1,5668,[22 46  8 89 35],1,3.33333,200,5,0.3508054444445,0.30311137578446645,0.2827629023049057
1,5668,[ 66  93  26 231  84],1,3.33333,500,5,0.3186141777778,0.23582193191996775,0.23325959414994885
1,5668,[115 197  47 461 180],1,3.33333,1000,5,0.3102750888889,0.2190102477585996,0.21807275118868372
1,5668,[231 375  88 936 370],1,3.33333,2000,5,0.30923704444445,0.20983570749761601,0.20954093920227063
1,5668,[ 609  944  201 2304  942],1,3.33333,5000,5,0.30215013777778,0.20407647248697422,0.20401466692854286
1,5668,[1226 1923  396 4578 1877],1,3.33333,10000,5,0.29950144888889,0.20204983370481744,0.2020334569384775
0.5,5668,[3 4 1 5 7],1,3.33333,20,5,0.8055544444450001,1.0560829439162,0.7957204322849967
0.5,5668,[12 10  3 11 14],1,3.33333,50,5,0.45022177777800004,0.5017790982206001,0.4423750548172499
0.5,5668,[23 20 12 19 26],1,3.33333,100,5,0.322110888889,0.3190685225789556,0.3156613077174081
0.5,5668,[39 42 31 41 47],1,3.33333,200,5,0.2589554444445,0.2566111994946749,0.2563582780945492
0.5,5668,[103  99  92  95 111],1,3.33333,500,5,0.2231021777778,0.22231757224521603,0.22230821735804002
0.5,5668,[201 201 189 188 221],1,3.33333,1000,5,0.2118190888889,0.2111489954180746,0.21114706450035622
0.5,5668,[402 406 356 374 462],1,3.33333,2000,5,0.20717954444445,0.20559905728908545,0.2055979138633179
0.5,5668,[ 991 1023  934  982 1070],1,3.33333,5000,5,0.20262981777778,0.2022267386717985,0.20222668897147558
0.5,5668,[1964 2072 1938 1964 2062],1,3.33333,10000,5,0.20126574888888998,0.20111196104093462,0.20111195637030485
1.5,9249,[ 3  2 10  2  3],1,3.33333,20,5,0.8705544444450002,0.9851836148155999,0.8305872099123571
1.5,9249,[ 7  4 32  2  5],1,3.33333,50,5,0.669421777778,0.699602175397325,0.5386868392628015
1.5,9249,[10  8 73  3  6],1,3.33333,100,5,0.6649108888890001,0.5283098456624288,0.43039663381767157
1.5,9249,[ 14   9 167   3   7],1,3.33333,200,5,0.7611554444445,0.495429712554024,0.3934287467871884
1.5,9249,[ 21  12 453   5   9],1,3.33333,500,5,0.8458221777778,0.3974533817958689,0.343981872184872
1.5,9249,[ 22  14 950   5   9],1,3.33333,1000,5,0.9143970888888999,0.39068711176883797,0.3368986775830206
1.5,9249,[  23   18 1944    6    9],1,3.33333,2000,5,0.95058204444445,0.36770010793042757,0.32414179179931357
1.5,9249,[  27   19 4939    6    9],1,3.33333,5000,5,0.97801933777778,0.3633991682668791,0.31894147174585263
1.5,9249,[  29   19 9936    6   10],1,3.33333,10000,5,0.98836544888889,0.35728041804185123,0.3147419101219039
1,9249,[ 3  2 10  2  3],1,3.33333,20,5,0.8705544444450002,0.9851836148155999,0.8305872099123571
1,9249,[ 6  6 28  4  6],1,3.33333,50,5,0.5854217777780001,0.5492056507940001,0.491989140712594
1,9249,[15 10 58 10  7],1,3.33333,100,5,0.49491088888900003,0.38967303791297936,0.36395795692829536
1,9249,[ 27  24 117  13  19],1,3.33333,200,5,0.4436554444445,0.29635774867139475,0.2877335480405887
1,9249,[ 63  56 290  44  47],1,3.33333,500,5,0.40362217777779996,0.2360809514220695,0.23502892643714612
1,9249,[122 116 588  75  99],1,3.33333,1000,5,0.40062108888889997,0.21864548923034344,0.21831061566676463
1,9249,[ 250  244 1155  156  195],1,3.33333,2000,5,0.38516104444445,0.2091122586910109,0.20903153580834505
1,9249,[ 623  566 2917  391  503],1,3.33333,5000,5,0.38715277777778,0.20367126162642799,0.20365827291015295
1,9249,[1357 1090 5780  784  989],1,3.33333,10000,5,0.38141836888888997,0.20182843803152922,0.20182510599862372
0.5,9249,[ 3  2 10  2  3],1,3.33333,20,5,0.8705544444450002,0.9851836148155999,0.8305872099123571
0.5,9249,[ 9  8 18 10  5],1,3.33333,50,5,0.45982177777800004,0.4629624370373,0.4408256591879315
0.5,9249,[27 12 33 18 10],1,3.33333,100,5,0.34971088888900004,0.33610148612060003,0.32596611960295596
0.5,9249,[50 31 61 31 27],1,3.33333,200,5,0.2773554444445,0.261309481244074,0.26008812345122423
0.5,9249,[104  86 140  81  89],1,3.33333,500,5,0.2313981777778,0.22309674616355457,0.22301939834936724
0.5,9249,[206 192 257 170 175],1,3.33333,1000,5,0.2159850888889,0.21135570684610422,0.21134386211702938
0.5,9249,[405 393 477 369 356],1,3.33333,2000,5,0.20778054444445,0.20561292965748912,0.2056114761455176
0.5,9249,[ 960  976 1179  930  955],1,3.33333,5000,5,0.20386789777778,0.20223858329498184,0.20223842191437172
0.5,9249,[1980 1965 2148 1957 1950],1,3.33333,10000,5,0.20138988888889,0.2011125810734531,0.20111257333885002
1.5,333,[3 4 5 3 5],1,3.33333,20,5,0.7655544444450001,0.7851840148153999,0.7630126254727071
1.5,333,[13  9 13  5 10],1,3.33333,50,5,0.439821777778,0.45109161557480004,0.432921745558626
1.5,333,[40 14 25  7 14],1,3.33333,100,5,0.377710888889,0.35587270412714,0.33596890518425576
1.5,333,[96 26 47 10 21],1,3.33333,200,5,0.3716054444445,0.29678818353086867,0.2830195283036597
1.5,333,[292  55 104  14  35],1,3.33333,500,5,0.42432617777779996,0.25832071017238223,0.24904674634341037
1.5,333,[682  92 168  14  44],1,3.33333,1000,5,0.5150550888889,0.24997504048774266,0.23980319426924074
1.5,333,[1563  126  243   16   52],1,3.33333,2000,5,0.63576904444445,0.24196538218921676,0.23352006419220733
1.5,333,[4448  155  315   18   64],1,3.33333,5000,5,0.79871717777778,0.236013968761852,0.22899332184663518
1.5,333,[9351  175  387   18   69],1,3.33333,10000,5,0.87737790888889,0.23486815899929883,0.2277475108028394
1,333,[3 4 5 3 5],1,3.33333,20,5,0.7655544444450001,0.7851840148153999,0.7630126254727071
1,333,[10  8  7 12 13],1,3.33333,50,5,0.43262177777800004,0.43471666528310005,0.4278631937577819
1,333,[18 15 20 19 28],1,3.33333,100,5,0.32051088888900003,0.3158078069990948,0.31421309647282347
1,333,[38 25 52 37 48],1,3.33333,200,5,0.2667054444445,0.2592918454449374,0.2583250457623048
1,333,[101  61 126  85 127],1,3.33333,500,5,0.2348301777778,0.22394202424425885,0.2237279124921247
1,333,[189 141 254 158 258],1,3.33333,1000,5,0.2227570888889,0.21178899627214098,0.21175101981580888
1,333,[378 258 503 347 514],1,3.33333,2000,5,0.21732104444445,0.2059275049807765,0.20591561955823326
1,333,[ 949  622 1221  860 1348],1,3.33333,5000,5,0.21562341777778002,0.20239336814697,0.20239108721456192
1,333,[1909 1251 2475 1773 2592],1,3.33333,10000,5,0.21308010888888998,0.2011897992406278,0.20118925864839116
0.5,333,[3 4 5 3 5],1,3.33333,20,5,0.7655544444450001,0.7851840148153999,0.7630126254727071
0.5,333,[ 6 11  9 11 13],1,3.33333,50,5,0.43342177777800006,0.438452428214,0.42875928806768704
0.5,333,[12 22 16 30 20],1,3.33333,100,5,0.32951088888900004,0.32205362794625003,0.31782219192634387
0.5,333,[22 47 37 51 43],1,3.33333,200,5,0.26835544444450005,0.2607206898104367,0.25919829266943784
0.5,333,[ 59 121  92 128 100],1,3.33333,500,5,0.23410217777779999,0.22395358790149972,0.2237242961994953
0.5,333,[144 242 186 244 184],1,3.33333,1000,5,0.2183990888889,0.21154938276780338,0.21152391963960568
0.5,333,[300 471 377 458 394],1,3.33333,2000,5,0.21029804444445,0.20570242088727014,0.20569792560704808
0.5,333,[ 858 1148  929 1080  985],1,3.33333,5000,5,0.20437157777778,0.20224628969496797,0.20224602121946927
0.5,333,[1784 2117 1975 2123 2001],1,3.33333,10000,5,0.20187210888888998,0.20111556020043883,0.20111553424114392
1.5,7334,[7 3 3 6 1],1,3.33333,20,5,0.8155544444450001,1.0783051216940003,0.8032645786777711
1.5,7334,[20  4  9 15  2],1,3.33333,50,5,0.512621777778,0.6345670320992001,0.4802867767545969
1.5,7334,[49  4 11 34  2],1,3.33333,100,5,0.480910888889,0.595878772188059,0.40264307629295015
1.5,7334,[109   5  19  64   3],1,3.33333,200,5,0.4648554444445,0.47145022341309767,0.34322917042473655
1.5,7334,[310  10  32 143   5],1,3.33333,500,5,0.4930141777778,0.35176361355881536,0.292431995090667
1.5,7334,[716  10  41 228   5],1,3.33333,1000,5,0.5775570888889,0.3467431984506796,0.2849765037147674
1.5,7334,[1571   11   47  366    5],1,3.33333,2000,5,0.6566435444444501,0.34024614809766474,0.2793185095645615
1.5,7334,[4321   14   52  607    6],1,3.33333,5000,5,0.76391925777778,0.3152019392376441,0.26942735023341796
1.5,7334,[9171   14   55  754    6],1,3.33333,10000,5,0.84790124888889,0.31453859562789444,0.26850155577013285
1,7334,[7 3 3 6 1],1,3.33333,20,5,0.8155544444450001,1.0783051216940003,0.8032645786777711
1,7334,[21  6  9 13  1],1,3.33333,50,5,0.513421777778,0.823252043414,0.48218710038352236
1,7334,[38 12 18 31  1],1,3.33333,100,5,0.398510888889,0.7322045990908508,0.3662969499480435
1,7334,[75 26 34 63  2],1,3.33333,200,5,0.3413054444445,0.4653682036511389,0.3004916051659501
1,7334,[175  59  85 177   4],1,3.33333,500,5,0.31292617777779996,0.3289232362212012,0.25827425571971135
1,7334,[355 115 180 342   8],1,3.33333,1000,5,0.2997890888889,0.26444079811648,0.2374989505270163
1,7334,[723 198 365 700  14],1,3.33333,2000,5,0.30189404444445,0.23645792699492502,0.22501818249202335
1,7334,[1847  461  886 1769   37],1,3.33333,5000,5,0.30380845777778,0.21396957305502992,0.21182349667712277
1,7334,[3796  947 1758 3426   73],1,3.33333,10000,5,0.30250904888889,0.20705720603478517,0.20644644863645148
0.5,7334,[7 3 3 6 1],1,3.33333,20,5,0.8155544444450001,1.0783051216940003,0.8032645786777711
0.5,7334,[15 14  5 13  3],1,3.33333,50,5,0.47182177777800005,0.5326000673996001,0.4557664506329769
0.5,7334,[31 25 15 24  5],1,3.33333,100,5,0.35231088888900003,0.36915139407424324,0.3336876172456844
0.5,7334,[53 49 36 39 23],1,3.33333,200,5,0.26945544444450004,0.26052127988258167,0.25916557332644835
0.5,7334,[128 109  87  94  82],1,3.33333,500,5,0.22779817777779998,0.22280639199769367,0.22275031362273962
0.5,7334,[221 207 193 191 188],1,3.33333,1000,5,0.2118750888889,0.2111519345551616,0.21114985879546125
0.5,7334,[428 417 357 402 396],1,3.33333,2000,5,0.20629104444444998,0.20557708453265403,0.20557646988757763
0.5,7334,[1071  996  884 1013 1036],1,3.33333,5000,5,0.20302133777778,0.2022317121571109,0.20223160035289375
0.5,7334,[2113 1983 1848 2020 2036],1,3.33333,10000,5,0.20148968888889,0.20111327838811247,0.201113266002264
1.5,2380,[11  3  3  2  1],1,3.33333,20,5,0.9155544444450001,1.2033649966340003,0.8637092331610203
1.5,2380,[31  4 11  2  2],1,3.33333,50,5,0.664621777778,0.8102952929299032,0.5544996596272387
1.5,2380,[67  7 21  3  2],1,3.33333,100,5,0.6103108888890001,0.661659030877821,0.4418176211473639
1.5,2380,[154   8  33   3   2],1,3.33333,200,5,0.6776054444445,0.6422790577205,0.4057514271555833
1.5,2380,[432   9  54   3   2],1,3.33333,500,5,0.7807581777778,0.62901148765475,0.38212680727229054
1.5,2380,[912  11  72   3   2],1,3.33333,1000,5,0.8481730888889,0.6174337448465396,0.3680661192577291
1.5,2380,[1897   11   86    4    2],1,3.33333,2000,5,0.90709204444445,0.579138862172009,0.35784609064508893
1.5,2380,[4879   11  104    4    2],1,3.33333,5000,5,0.95484613777778,0.5781012151552217,0.3551212327018702
1.5,2380,[9869   11  114    4    2],1,3.33333,10000,5,0.97521408888889,0.5776802882482663,0.35400705457877163
1,2380,[11  3  3  2  1],1,3.33333,20,5,0.9155544444450001,1.2033649966340003,0.8637092331610203
1,2380,[23  9 12  5  1],1,3.33333,50,5,0.5342217777780001,0.8390754797644611,0.49165965042894055
1,2380,[43 22 24  9  2],1,3.33333,100,5,0.410510888889,0.5206607529823373,0.36460513034806397
1,2380,[90 53 42 11  4],1,3.33333,200,5,0.37580544444450004,0.3754208270947208,0.3058300692787911
1,2380,[221 123 117  26  13],1,3.33333,500,5,0.33623817777779996,0.26070503063876327,0.2486127085889589
1,2380,[447 247 228  54  24],1,3.33333,1000,5,0.32740508888889996,0.23149187904225488,0.2273178599278667
1,2380,[916 504 423 115  42],1,3.33333,2000,5,0.32730304444444996,0.2168644428124797,0.21535295144741737
1,2380,[2191 1366 1045  287  111],1,3.33333,5000,5,0.31634829777778,0.20650609560298935,0.20626629153268222
1,2380,[4437 2680 2066  561  256],1,3.33333,10000,5,0.31629092888889,0.20300946959682814,0.20296303754511633
0.5,2380,[11  3  3  2  1],1,3.33333,20,5,0.9155544444450001,1.2033649966340003,0.8637092331610203
0.5,2380,[19  5 10 11  5],1,3.33333,50,5,0.47502177777800003,0.48601750345589484,0.4498709005635073
0.5,2380,[38 11 20 16 15],1,3.33333,100,5,0.35571088888900004,0.3317293130073974,0.3248087770414016
0.5,2380,[70 29 34 34 33],1,3.33333,200,5,0.28410544444450003,0.26128655859167627,0.26031449738832707
0.5,2380,[164  67 100  90  79],1,3.33333,500,5,0.2451261777778,0.22435207265984852,0.2241596090542758
0.5,2380,[291 149 181 202 177],1,3.33333,1000,5,0.2228870888889,0.2116768255151557,0.2116498534509705
0.5,2380,[509 322 379 410 380],1,3.33333,2000,5,0.21028204444444998,0.2056797008047611,0.20567644308988625
0.5,2380,[1123  893  984 1038  962],1,3.33333,5000,5,0.20341109777778002,0.20223530447058669,0.20223516115425402
0.5,2380,[2177 1793 1988 2067 1975],1,3.33333,10000,5,0.20190546888889,0.20111564771071577,0.20111562180731524
1.5,4148,[ 1  1  5 11  2],1,3.33333,20,5,0.9355544444450001,1.4404015595972002,0.8884831546184028
1.5,4148,[ 1  1 11 27 10],1,3.33333,50,5,0.603021777778,1.1901962986916002,0.5420742333407291
1.5,4148,[ 1  1 20 65 13],1,3.33333,100,5,0.590710888889,1.1521348478642002,0.4543015005339339
1.5,4148,[  1   1  32 151  15],1,3.33333,200,5,0.6568554444445001,1.1353488773985319,0.41436436377305397
1.5,4148,[  1   1  40 438  20],1,3.33333,500,5,0.7976061777778,1.123235089092755,0.3897322123652872
1.5,4148,[  1   1  56 918  24],1,3.33333,1000,5,0.8575490888888999,1.115826227963706,0.3743690227326662
1.5,4148,[   1    1   65 1906   27],1,3.33333,2000,5,0.91500354444445,1.1124187580012228,0.36740227122792213
1.5,4148,[   1    1   77 4891   30],1,3.33333,5000,5,0.95937069777778,1.1095647601951155,0.36146778500092835
1.5,4148,[   1    1   84 9883   31],1,3.33333,10000,5,0.97792818888889,1.108559965220432,0.35928046819116954
1,4148,[ 1  1  5 11  2],1,3.33333,20,5,0.9355544444450001,1.4404015595972002,0.8884831546184028
1,4148,[ 2  4 10 26  8],1,3.33333,50,5,0.5662217777780001,0.6504264495731,0.49747828950908435
1,4148,[ 5  7 15 53 20],1,3.33333,100,5,0.461910888889,0.4126181232307208,0.364848318815531
1,4148,[  9  15  33 105  38],1,3.33333,200,5,0.4021554444445,0.3084088529945474,0.2900100396924521
1,4148,[ 28  38  74 274  86],1,3.33333,500,5,0.38292617777779997,0.24036486625446818,0.23777084686006453
1,4148,[ 47  81 161 540 171],1,3.33333,1000,5,0.36664308888889996,0.22112585105911287,0.22014614314718844
1,4148,[  86  160  305 1109  340],1,3.33333,2000,5,0.37343104444444997,0.21111086010140534,0.21079549824118715
1,4148,[ 199  387  756 2766  892],1,3.33333,5000,5,0.37051525777778,0.20462864203680656,0.20456506990382162
1,4148,[ 427  782 1505 5577 1709],1,3.33333,10000,5,0.37193598888889,0.20224425771565394,0.20223049678102634
0.5,4148,[ 1  1  5 11  2],1,3.33333,20,5,0.9355544444450001,1.4404015595972002,0.8884831546184028
0.5,4148,[ 6  6 14 18  6],1,3.33333,50,5,0.4734217777780001,0.47865905467400005,0.44887471457048056
0.5,4148,[21  9 26 30 14],1,3.33333,100,5,0.34051088888900005,0.3342013324652,0.3236931093216812
0.5,4148,[49 20 47 54 30],1,3.33333,200,5,0.2762054444445,0.26379392168389365,0.26137690802634406
0.5,4148,[112  73 119 139  57],1,3.33333,500,5,0.2406381777778,0.22478602472278061,0.2244618840752719
0.5,4148,[212 160 247 243 138],1,3.33333,1000,5,0.2207570888889,0.21172316201011623,0.2116860961141478
1.5,7509,[9 1 7 2 1],1,3.33333,20,5,0.8955544444450001,1.4239834426820002,0.8682828787367812
1.5,7509,[27  1 14  7  1],1,3.33333,50,5,0.6126217777780001,1.200585888302,0.5501702143296814
1.5,7509,[57  1 25 15  2],1,3.33333,100,5,0.5215108888890001,0.9218699012872718,0.42757766137201136
1.5,7509,[131   4  34  28   3],1,3.33333,200,5,0.5337054444445001,0.49159629304643293,0.34858709281887523
1.5,7509,[390   7  49  51   3],1,3.33333,500,5,0.6508621777778,0.4305642433851059,0.31175292701761026
1.5,7509,[869   7  62  59   3],1,3.33333,1000,5,0.7736550888889,0.4268526169505765,0.30524807894698097
1.5,7509,[1844    7   75   71    3],1,3.33333,2000,5,0.85832054444445,0.42406649227314497,0.3004118894698131
1.5,7509,[4822    7   92   75    4],1,3.33333,5000,5,0.93285573777778,0.3854518176453947,0.29307289391360747
1.5,7509,[9805    7  101   83    4],1,3.33333,10000,5,0.9626629088888901,0.38440332652989206,0.2912983507316648
1,7509,[9 1 7 2 1],1,3.33333,20,5,0.8955544444450001,1.4239834426820002,0.8682828787367812
1,7509,[18  6 12  8  6],1,3.33333,50,5,0.46382177777800004,0.46543156790150003,0.4429763026204665
1,7509,[31 14 23 21 11],1,3.33333,100,5,0.335910888889,0.3269744284251641,0.32057385985650777
1,7509,[62 29 46 46 17],1,3.33333,200,5,0.2857054444445,0.26796145570358876,0.2640852653339606
1,7509,[152  78 100 131  39],1,3.33333,500,5,0.2537021777778,0.2278550881191709,0.22689745583059648
1,7509,[319 157 202 248  74],1,3.33333,1000,5,0.24530508888889999,0.21422241138507744,0.21391836528847522
1,7509,[636 304 399 505 156],1,3.33333,2000,5,0.23942404444444998,0.20700377302463494,0.20693401772165934
1,7509,[1577  792  997 1244  390],1,3.33333,5000,5,0.23453573777778,0.20278564411035446,0.20277421972658385
1,7509,[3178 1590 2006 2415  811],1,3.33333,10000,5,0.23252876888889,0.20137298521493424,0.20137041453295593
0.5,7509,[9 1 7 2 1],1,3.33333,20,5,0.8955544444450001,1.4239834426820002,0.8682828787367812
0.5,7509,[17  5 17  6  5],1,3.33333,50,5,0.48782177777800007,0.5041388252726353,0.45854155258063567
0.5,7509,[26 15 29 17 13],1,3.33333,100,5,0.33111088888900003,0.3223808974972763,0.3182712067051063
0.5,7509,[51 25 48 42 34],1,3.33333,200,5,0.26680544444450005,0.2594054211827547,0.25840206067039806
0.5,7509,[109  75 116 105  95],1,3.33333,500,5,0.22627017777779998,0.22274593683178898,0.2226852438563381
0.5,7509,[215 162 213 217 193],1,3.33333,1000,5,0.2132870888889,0.21124819086303182,0.2112400299236189
0.5,7509,[397 334 431 420 418],1,3.33333,2000,5,0.20706804444444998,0.20560282708637995,0.20560138963564492
0.5,7509,[ 995  895 1059 1062  989],1,3.33333,5000,5,0.20296205777778,0.20223082778551144,0.20223072845601528
0.5,7509,[1985 1849 2097 2086 1983],1,3.33333,10000,5,0.20151230888889,0.20111340033399566,0.20111338730010697
1.5,6203,[7 1 5 4 3],1,3.33333,20,5,0.8055544444450001,1.0560829439162,0.7957204322849962
1.5,6203,[12  1 18 13  6],1,3.33333,50,5,0.49182177777800007,0.8144337188990001,0.4739466502738656
1.5,6203,[24  1 39 28  8],1,3.33333,100,5,0.40571088888900003,0.7457864542130002,0.3732876568260005
1.5,6203,[38  1 76 76  9],1,3.33333,200,5,0.3825054444445,0.7172179389218949,0.32800460592749425
1.5,6203,[ 62   1 222 203  12],1,3.33333,500,5,0.4001501777778,0.6928403380824172,0.2984837254698558
1.5,6203,[ 87   1 505 391  16],1,3.33333,1000,5,0.4268430888889,0.6793465949277715,0.28487407625978606
1.5,6203,[ 113    2 1141  727   17],1,3.33333,2000,5,0.46642354444445,0.45329950537428637,0.27449426832458057
1.5,6203,[ 135    2 3225 1621   17],1,3.33333,5000,5,0.52409357777778,0.4520696814086623,0.27240538112681806
1.5,6203,[ 159    2 7067 2754   18],1,3.33333,10000,5,0.57663724888889,0.4499325999994749,0.2702732686524312
1,6203,[7 1 5 4 3],1,3.33333,20,5,0.8055544444450001,1.0560829439162,0.7957204322849962
1,6203,[10  3 11  9 17],1,3.33333,50,5,0.46222177777800005,0.5085225228497177,0.4472213363298505
1,6203,[28 10 18 13 31],1,3.33333,100,5,0.344910888889,0.3335335030255033,0.3243347269760599
1,6203,[58 16 32 27 67],1,3.33333,200,5,0.30210544444450005,0.27242376158857523,0.26753208912601034
1,6203,[144  43  80  76 157],1,3.33333,500,5,0.2598621777778,0.2276566468583421,0.2268894450228724
1,6203,[274  91 169 153 313],1,3.33333,1000,5,0.24440708888889998,0.21346070271417775,0.21328607735042898
1,6203,[559 166 336 273 666],1,3.33333,2000,5,0.24831004444444998,0.20709051950422452,0.207028727437203
1,6203,[1380  403  840  634 1743],1,3.33333,5000,5,0.25071877777778,0.20291000039391724,0.2028986519202422
1,6203,[2792  857 1662 1259 3430],1,3.33333,10000,5,0.24753048888888998,0.20142779199547145,0.20142532673599042
0.5,6203,[7 1 5 4 3],1,3.33333,20,5,0.8055544444450001,1.0560829439162,0.7957204322849962
0.5,6203,[10  3 16 14  7],1,3.33333,50,5,0.46622177777800006,0.51560783439185,0.4503542843313287
0.5,6203,[21 14 24 19 22],1,3.33333,100,5,0.31691088888900004,0.3150221744513948,0.31343307097591355
0.5,6203,[39 26 50 40 45],1,3.33333,200,5,0.2636054444445,0.25836645496682004,0.2576229507717423
0.5,6203,[ 97  91 120  95  97],1,3.33333,500,5,0.2243181777778,0.22242982927931815,0.22241105777056502
0.5,6203,[194 183 219 215 189],1,3.33333,1000,5,0.2121430888889,0.211167754631986,0.21116480145011587
0.5,6203,[396 369 429 429 377],1,3.33333,2000,5,0.20635254444445,0.20557767959192516,0.20557708077913747
0.5,6203,[ 972  963 1058 1042  965],1,3.33333,5000,5,0.20256245777778,0.20222593781299628,0.2022258975745122
0.5,6203,[1954 1927 2080 2069 1970],1,3.33333,10000,5,0.20130616888889,0.20111218480150264,0.20111217889830788
1.5,689,[4 2 3 8 3],1,3.33333,20,5,0.8105544444450001,0.8851838148155,0.7929889870927969
1.5,689,[14  3  6 21  6],1,3.33333,50,5,0.509421777778,0.5492056507940001,0.47049951996676054
1.5,689,[27  6  8 47 12],1,3.33333,100,5,0.42931088888900004,0.3925834516243937,0.35641257332843157
1.5,689,[ 61   7  10 108  14],1,3.33333,200,5,0.44880544444450005,0.35108343835174755,0.315423133524136
1.5,689,[152   8  14 306  20],1,3.33333,500,5,0.49182217777779996,0.3138999911566545,0.28442809225881005
1.5,689,[269   8  17 681  25],1,3.33333,1000,5,0.5482110888889,0.3017817654636873,0.27322880767921615
1.5,689,[ 443    9   21 1498   29],1,3.33333,2000,5,0.61595954444445,0.28717218584927195,0.2636674918426513
1.5,689,[ 689    9   24 4245   33],1,3.33333,5000,5,0.74208189777778,0.2821188393847343,0.2590211118007292
1.5,689,[ 909    9   24 9025   33],1,3.33333,10000,5,0.82389762888889,0.2819072679256224,0.25867433288742947
1,689,[4 2 3 8 3],1,3.33333,20,5,0.8105544444450001,0.8851838148155,0.7929889870927969
1,689,[ 7  5  6 17 15],1,3.33333,50,5,0.47182177777800005,0.4822278824777177,0.4490929076310227
1,689,[15  7  8 31 39],1,3.33333,100,5,0.39311088888900003,0.3744098288158033,0.34554294894154636
1,689,[30 19 15 62 74],1,3.33333,200,5,0.3257054444445,0.2810105600759464,0.2737721886083765
1,689,[ 63  58  33 187 159],1,3.33333,500,5,0.2969101777778,0.23335741206079996,0.23169530711721165
1,689,[121 111  58 388 322],1,3.33333,1000,5,0.2956650888889,0.21786563572601356,0.21725256073787177
1,689,[224 203 109 816 648],1,3.33333,2000,5,0.30281204444445,0.209481494853825,0.209290444516412
1,689,[ 569  485  246 2077 1623],1,3.33333,5000,5,0.30492461777777996,0.20399197964245344,0.2039519971221216
1,689,[1122  932  496 4182 3268],1,3.33333,10000,5,0.30653582888888997,0.2020113175742812,0.2020012665799936
0.5,689,[4 2 3 8 3],1,3.33333,20,5,0.8105544444450001,0.8851838148155,0.7929889870927969
0.5,689,[13  6  8 15  8],1,3.33333,50,5,0.44542177777800007,0.44900235099740005,0.4344993038670093
0.5,689,[24 13 18 31 14],1,3.33333,100,5,0.333710888889,0.32348061307840326,0.3190090216009748
0.5,689,[52 38 27 52 31],1,3.33333,200,5,0.2691054444445,0.2595876272638506,0.2586487432515218
0.5,689,[115  86  81 118 100],1,3.33333,500,5,0.2266461777778,0.2227305387318274,0.2226778245946524
0.5,689,[239 182 163 238 178],1,3.33333,1000,5,0.2162530888889,0.21139252540977177,0.21137784541754717
0.5,689,[460 395 334 441 370],1,3.33333,2000,5,0.20819604444445,0.20563103184369466,0.20562891692552931
0.5,689,[1112  996  936 1031  925],1,3.33333,5000,5,0.20315189777778,0.20223230037717319,0.20223219187703256
0.5,689,[2169 1931 1920 2112 1868],1,3.33333,10000,5,0.20180800888889,0.20111491262923314,0.2011148919634786
1.5,7787,[3 2 2 5 8],1,3.33333,20,5,0.8205544444450001,0.9370355629637002,0.8021597886537144
1.5,7787,[ 9  8  2 11 20],1,3.33333,50,5,0.490221777778,0.5897859768803001,0.4631757632346616
1.5,7787,[21 11  5 29 34],1,3.33333,100,5,0.369510888889,0.3788541586710175,0.34030969026275093
1.5,7787,[34 16  9 67 74],1,3.33333,200,5,0.34200544444450004,0.30287168868512976,0.2842056946950116
1.5,7787,[ 70  22   9 196 203],1,3.33333,500,5,0.3625821777778,0.2803907370147655,0.2584369178483085
1.5,7787,[ 94  24  11 437 434],1,3.33333,1000,5,0.3999690888889,0.2656916608089198,0.24841222848682656
1.5,7787,[143  30  13 912 902],1,3.33333,2000,5,0.42227204444445,0.25309080756382485,0.23965882624364637
1.5,7787,[ 194   34   14 2372 2386],1,3.33333,5000,5,0.45655693777778,0.24748242590325845,0.23541881420427607
1.5,7787,[ 228   38   15 4810 4909],1,3.33333,10000,5,0.47399144888889,0.24345770363406066,0.23271003462060696
1,7787,[3 2 2 5 8],1,3.33333,20,5,0.8205544444450001,0.9370355629637002,0.8021597886537144
1,7787,[ 9  3  5 20 13],1,3.33333,50,5,0.4958217777780001,0.5428293238370001,0.46457889565309174
1,7787,[18  5 12 33 32],1,3.33333,100,5,0.371710888889,0.377973830359325,0.3403354818930301
1,7787,[33  9 21 61 76],1,3.33333,200,5,0.3332554444445,0.29714848409962125,0.2802712998375895
1,7787,[ 66  22  52 157 203],1,3.33333,500,5,0.3158301777778,0.24050319231029674,0.23661391171638585
1,7787,[132  37  89 327 415],1,3.33333,1000,5,0.3169790888889,0.22280283536702372,0.22116610693862787
1,7787,[291  74 188 659 788],1,3.33333,2000,5,0.30073704444445,0.21113578874277578,0.2106866583005684
1,7787,[ 731  163  458 1621 2027],1,3.33333,5000,5,0.30250477777778,0.20479848264843495,0.20469711235451613
1,7787,[1484  336  934 3248 3998],1,3.33333,10000,5,0.29832126888889,0.20234609111719887,0.20232179957581475
0.5,7787,[3 2 2 5 8],1,3.33333,20,5,0.8205544444450001,0.9370355629637002,0.8021597886537144
0.5,7787,[ 9  5  7 11 18],1,3.33333,50,5,0.46222177777800005,0.46685853314120007,0.44244417911176487
0.5,7787,[23 17 13 19 28],1,3.33333,100,5,0.324310888889,0.31892008743327327,0.3159469437897134
0.5,7787,[42 38 36 37 47],1,3.33333,200,5,0.2576054444445,0.256091760630841,0.25598022188454095
0.5,7787,[112  92 106  94  96],1,3.33333,500,5,0.2234061777778,0.22234976127779743,0.22233733220869334
0.5,7787,[209 191 217 189 194],1,3.33333,1000,5,0.21171908888889998,0.21114408015029285,0.21114238092010043
0.5,7787,[425 375 422 380 398],1,3.33333,2000,5,0.20609004444445,0.20557039679297706,0.20556999495094896
0.5,7787,[1052  954 1071  935  988],1,3.33333,5000,5,0.20279141777778,0.20222851094438501,0.20222844206166252
0.5,7787,[2046 1963 2097 1896 1998],1,3.33333,10000,5,0.20134824888889,0.20111243390228603,0.20111242653235606
1.5,1808,[3 3 2 9 3],1,3.33333,20,5,0.8355544444450002,0.9160479506180002,0.8078502244082689
1.5,1808,[ 7  9  2 24  8],1,3.33333,50,5,0.5318217777780001,0.6091702574960001,0.478764323652339
1.5,1808,[11 21  3 53 12],1,3.33333,100,5,0.463510888889,0.4551384807103208,0.36900536237434467
1.5,1808,[ 16  30   4 127  23],1,3.33333,200,5,0.5013054444445001,0.37652658470226996,0.3146219303224794
1.5,1808,[ 24  50   4 387  35],1,3.33333,500,5,0.6385661777778,0.35236506174331306,0.28591359891004164
1.5,1808,[ 28  68   4 857  43],1,3.33333,1000,5,0.7528330888889,0.34437430821283455,0.2760883521762533
1.5,1808,[  30   84    4 1835   47],1,3.33333,2000,5,0.84990704444445,0.34091511821860376,0.27171024300252355
1.5,1808,[  32  102    4 4811   51],1,3.33333,5000,5,0.92861285777778,0.33816399998281677,0.2682728507935416
1.5,1808,[  34  112    4 9797   53],1,3.33333,10000,5,0.96108844888889,0.3365820969356773,0.2664033965224086
1,1808,[3 3 2 9 3],1,3.33333,20,5,0.8355544444450002,0.9160479506180002,0.8078502244082689
1,1808,[12  7  6 21  4],1,3.33333,50,5,0.4966217777780001,0.506877693122,0.4597551957884264
1,1808,[16 15 16 41 12],1,3.33333,100,5,0.36731088888900004,0.33306206449877807,0.3267109675643758
1,1808,[ 37  17  24 102  20],1,3.33333,200,5,0.3815054444445,0.2832536755697706,0.27762603027542454
1,1808,[ 93  35  62 267  43],1,3.33333,500,5,0.3696461777778,0.23664627395493523,0.2350150179316275
1,1808,[175  71 127 527 100],1,3.33333,1000,5,0.3506350888889,0.21758678336478135,0.21720798347888168
1,1808,[ 360  170  265 1024  181],1,3.33333,2000,5,0.33307104444444996,0.20841560094791406,0.20833776058093362
1,1808,[ 877  431  668 2565  459],1,3.33333,5000,5,0.32986301777778,0.20334486230728419,0.20333271236280298
1,1808,[1673  852 1296 5206  973],1,3.33333,10000,5,0.33364724888888997,0.20167238677673316,0.20166948513301058
0.5,1808,[3 3 2 9 3],1,3.33333,20,5,0.8355544444450002,0.9160479506180002,0.8078502244082689
0.5,1808,[ 9  6  4 24  7],1,3.33333,50,5,0.525421777778,0.5165778500885001,0.46884113192106147
0.5,1808,[27 15 11 30 17],1,3.33333,100,5,0.33751088888900005,0.3274529261417177,0.32103909619705906
0.5,1808,[52 34 30 46 38],1,3.33333,200,5,0.2635554444445,0.25779134538533666,0.25729609259876024
0.5,1808,[124  85  81 115  95],1,3.33333,500,5,0.2278701777778,0.22284300719708047,0.2227810508278441
0.5,1808,[246 194 156 224 180],1,3.33333,1000,5,0.2161750888889,0.21139987831388116,0.21138403475151346
0.5,1808,[463 384 336 451 366],1,3.33333,2000,5,0.20857504444445,0.20563986413983715,0.20563755909631015
0.5,1808,[1111  969  871 1079  970],1,3.33333,5000,5,0.20370477777778,0.2022390618654919,0.20223887160483092
0.5,1808,[2189 1916 1849 2111 1935],1,3.33333,10000,5,0.20193234888889,0.2011155925072452,0.201115568124923
1.5,2728,[1 1 3 9 6],1,3.33333,20,5,0.8755544444450001,1.3604915061740002,0.8504118784450091
1.5,2728,[ 1  3  4 25 17],1,3.33333,50,5,0.598221777778,0.9476237770813578,0.5385245172840358
1.5,2728,[ 1  7  5 56 31],1,3.33333,100,5,0.528310888889,0.8190975841276031,0.4255313237974484
1.5,2728,[  1   8   5 121  65],1,3.33333,200,5,0.5294554444445001,0.7993983915101,0.38738217763303945
1.5,2728,[  1  10   6 334 149],1,3.33333,500,5,0.5577981777777999,0.7672753490203503,0.35646663195491196
1.5,2728,[  1  10   9 737 243],1,3.33333,1000,5,0.6135110888888999,0.7407025583940081,0.3395366149255631
1.5,2728,[   1   11    9 1609  370],1,3.33333,2000,5,0.68705154444445,0.7357075547000307,0.3342739229061504
1.5,2728,[   1   13   10 4444  532],1,3.33333,5000,5,0.80351941777778,0.7240113069417908,0.3254707797650394
1.5,2728,[   1   13   10 9305  671],1,3.33333,10000,5,0.87144646888889,0.7237860008670638,0.3248923346787141
1,2728,[1 1 3 9 6],1,3.33333,20,5,0.8755544444450001,1.3604915061740002,0.8504118784450091
1,2728,[ 8  3  4 27  8],1,3.33333,50,5,0.575021777778,0.586830502058,0.494322573985539
1,2728,[15  7 10 55 13],1,3.33333,100,5,0.467910888889,0.3798346201652001,0.35640955956119824
1,2728,[ 27  14  19 120  20],1,3.33333,200,5,0.4577054444445,0.29752448083799476,0.2894283451032317
1,2728,[ 72  31  37 297  63],1,3.33333,500,5,0.42099017777779996,0.24107280659740324,0.23891863869965152
1,2728,[152  52  77 592 127],1,3.33333,1000,5,0.40944108888889996,0.2214932612460459,0.22070925181813714
1,2728,[ 311   95  171 1182  241],1,3.33333,2000,5,0.40310354444444996,0.21092669120057306,0.21068617275747528
1,2728,[ 811  243  447 2933  566],1,3.33333,5000,5,0.39579917777778,0.20430805392287438,0.20427013320177098
1,2728,[1563  495  925 5902 1115],1,3.33333,10000,5,0.39731558888889,0.2021366061461076,0.20212750307743957
0.5,2728,[1 1 3 9 6],1,3.33333,20,5,0.8755544444450001,1.3604915061740002,0.8504118784450091
0.5,2728,[ 4  8 10 16 12],1,3.33333,50,5,0.45422177777800005,0.47592537407435004,0.44122997517199264
0.5,2728,[ 9 17 28 24 22],1,3.33333,100,5,0.33251088888900004,0.33011980125261764,0.3209096295968834
0.5,2728,[21 39 44 52 44],1,3.33333,200,5,0.26900544444450003,0.261308938691,0.25954008786694466
0.5,2728,[ 67 103 103 135  92],1,3.33333,500,5,0.2318061777778,0.2233865405545298,0.22325379352406108
0.5,2728,[136 207 207 236 214],1,3.33333,1000,5,0.21679708888889998,0.21152218240320853,0.2114940872901242
0.5,2728,[337 381 398 430 454],1,3.33333,2000,5,0.20759304444444998,0.2056145747031364,0.20561289849459166
0.5,2728,[ 894  954 1001 1041 1110],1,3.33333,5000,5,0.20330757777778,0.20223435240034718,0.20223421759114532
0.5,2728,[1880 1893 2019 2083 2125],1,3.33333,10000,5,0.20159834888889,0.2011138362876613,0.2011138210943976
1.5,1096,[9 1 1 1 8],1,3.33333,20,5,0.9255544444450001,1.6382687283965003,0.8978060412745047
1.5,1096,[18  4  1  2 25],1,3.33333,50,5,0.610221777778,1.0202452730872402,0.5523497596129197
1.5,1096,[36  6  2  3 53],1,3.33333,100,5,0.5265108888890001,0.6651749373403208,0.4335324213462939
1.5,1096,[ 69   8   2   4 117],1,3.33333,200,5,0.5189054444445,0.599127984929587,0.3830789559618846
1.5,1096,[147   9   3   6 335],1,3.33333,500,5,0.5580621777778,0.4759545177907642,0.34383328343906283
1.5,1096,[230  10   3   7 750],1,3.33333,1000,5,0.6266690888888999,0.4586090986080341,0.33199366826726373
1.5,1096,[ 337   12    3    7 1641],1,3.33333,2000,5,0.70721854444445,0.4502664119534866,0.3247080111386433
1.5,1096,[ 483   12    3    8 4494],1,3.33333,5000,5,0.81940389777778,0.4417593293497341,0.31995067017800277
1.5,1096,[ 595   12    3    9 9381],1,3.33333,10000,5,0.88468530888889,0.43536177304923585,0.3164727675184945
1,1096,[9 1 1 1 8],1,3.33333,20,5,0.9255544444450001,1.6382687283965003,0.8978060412745047
1,1096,[25  3  3  3 16],1,3.33333,50,5,0.5854217777780001,0.68999902000049,0.5207604223977742
1,1096,[49  8  4  8 31],1,3.33333,100,5,0.461710888889,0.4456289433109033,0.37690022100367476
1,1096,[94 12  8 14 72],1,3.33333,200,5,0.41615544444450003,0.33523932575344684,0.3071289519642978
1,1096,[239  27  29  34 171],1,3.33333,500,5,0.3785741777778,0.2493170631427895,0.24511576486395448
1,1096,[478  57  50  76 339],1,3.33333,1000,5,0.36604108888889997,0.22477490916234938,0.22356127196854825
1,1096,[974 111  91 146 678],1,3.33333,2000,5,0.36812504444445,0.21304395407444163,0.21267226520014915
1,1096,[2373  293  218  371 1745],1,3.33333,5000,5,0.36010893777777997,0.2051955524710879,0.20513235127359736
1,1096,[4816  576  470  726 3412],1,3.33333,10000,5,0.36026462888889,0.20255195293410913,0.2025374379512161
0.5,1096,[9 1 1 1 8],1,3.33333,20,5,0.9255544444450001,1.6382687283965003,0.8978060412745047
0.5,1096,[12  5  7 11 15],1,3.33333,50,5,0.44782177777800003,0.45945114054860003,0.4370559500796838
0.5,1096,[24 13 16 22 25],1,3.33333,100,5,0.322110888889,0.31846389153599003,0.31549540676841037
0.5,1096,[49 29 33 43 46],1,3.33333,200,5,0.26295544444450003,0.25786161608872626,0.25730951901942606
0.5,1096,[118  78 106  96 102],1,3.33333,500,5,0.2256781777778,0.22264423897418495,0.22259761162264963
0.5,1096,[247 161 222 184 186],1,3.33333,1000,5,0.2157770888889,0.2113668191860594,0.21135334770510836
0.5,1096,[454 357 444 341 404],1,3.33333,2000,5,0.20810504444445,0.20562835083956513,0.20562632128974914
0.5,1096,[1097  915 1043  940 1005],1,3.33333,5000,5,0.20310653777778,0.20223204026339348,0.20223193209202406
0.5,1096,[2133 1864 2087 1905 2011],1,3.33333,10000,5,0.20164010888889,0.2011140689052073,0.20111405241696123
1.5,8861,[5 1 2 3 9],1,3.33333,20,5,0.8555544444450001,1.1530845135812002,0.8294832092110113
1.5,8861,[ 7  1  2  8 32],1,3.33333,50,5,0.6790217777780001,0.9996015753976251,0.5610133761318996
1.5,8861,[13  2  2 13 70],1,3.33333,100,5,0.6357108888890001,0.7191686808308,0.44514852981681047
1.5,8861,[ 15   3   2  16 164],1,3.33333,200,5,0.7403054444445001,0.6304869439028695,0.4054619411867296
1.5,8861,[ 24   3   2  23 448],1,3.33333,500,5,0.8295101777778,0.6092038054696984,0.3705415935179732
1.5,8861,[ 30   3   3  29 935],1,3.33333,1000,5,0.8870950888889,0.526911469437088,0.348896954683393
1.5,8861,[  31    3    3   37 1926],1,3.33333,2000,5,0.9335115444444501,0.5228753404747537,0.34191970860909093
1.5,8861,[  33    3    3   41 4920],1,3.33333,5000,5,0.97058973777778,0.5206941110128855,0.33808498427985323
1.5,8861,[  35    3    3   42 9917],1,3.33333,10000,5,0.98461006888889,0.5196208967547038,0.3362576330381769
1,8861,[5 1 2 3 9],1,3.33333,20,5,0.8555544444450001,1.1530845135812002,0.8294832092110113
1,8861,[14  4  3  5 24],1,3.33333,50,5,0.5510217777780001,0.5984119015877,0.4929222183536223
1,8861,[27 12 13  5 43],1,3.33333,100,5,0.40271088888900003,0.38691040895503725,0.3482058712988795
1,8861,[48 31 29  6 86],1,3.33333,200,5,0.34400544444450004,0.31816364372283046,0.28511114130576726
1,8861,[133  69  74  12 212],1,3.33333,500,5,0.3142781777778,0.25492228064175926,0.242536802185642
1,8861,[273 128 163  26 410],1,3.33333,1000,5,0.2973690888889,0.22600485280796723,0.22264685198353426
1,8861,[545 246 331  50 828],1,3.33333,2000,5,0.29435204444445,0.213390542348022,0.21234724969039265
1,8861,[1368  629  788  126 2089],1,3.33333,5000,5,0.29293445777778,0.20533557185434492,0.20515542959167246
1,8861,[2760 1224 1635  242 4139],1,3.33333,10000,5,0.29089996888888997,0.20273989174551166,0.2026889080539663
0.5,8861,[5 1 2 3 9],1,3.33333,20,5,0.8555544444450001,1.1530845135812002,0.8294832092110113
0.5,8861,[12  4  9 10 15],1,3.33333,50,5,0.44862177777800005,0.471604395062,0.4386724643117721
0.5,8861,[21 12 18 22 27],1,3.33333,100,5,0.323310888889,0.31955510266700005,0.3160139524758742
0.5,8861,[33 31 39 49 48],1,3.33333,200,5,0.26245544444450003,0.25753038140965323,0.2570880454945911
0.5,8861,[ 94  94  94 118 100],1,3.33333,500,5,0.2239501777778,0.22239527515969704,0.22237948657436088
0.5,8861,[172 204 181 240 203],1,3.33333,1000,5,0.21388108888889998,0.21125933356671678,0.2112517241366951
0.5,8861,[371 410 379 430 410],1,3.33333,2000,5,0.20615104444444998,0.20557224236351399,0.20557178629046613
0.5,8861,[ 974 1020  961 1002 1043],1,3.33333,5000,5,0.20240021777778,0.20222419363659863,0.2022241719335862
0.5,8861,[1927 2025 1920 2009 2119],1,3.33333,10000,5,0.20137706888888998,0.20111256784171194,0.20111255987459342
1.5,2040,[7 2 4 4 3],1,3.33333,20,5,0.7905544444450001,0.856083343916,0.7806051004122389
1.5,2040,[20  7  6  9  8],1,3.33333,50,5,0.474221777778,0.4647261019403,0.4452101278319605
1.5,2040,[39  9 15 18 19],1,3.33333,100,5,0.36231088888900004,0.33849125098229477,0.32791491169924036
1.5,2040,[115  11  19  30  25],1,3.33333,200,5,0.43635544444450003,0.30025297965538694,0.2888155550318803
1.5,2040,[372  15  30  49  34],1,3.33333,500,5,0.5944861777778,0.26778124222140076,0.26014237872820595
1.5,2040,[841  22  37  59  41],1,3.33333,1000,5,0.7254070888888999,0.2511154664660147,0.2469900345909962
1.5,2040,[1820   22   43   68   47],1,3.33333,2000,5,0.83594704444445,0.24677425669806025,0.24263775965499568
1.5,2040,[4785   25   52   85   53],1,3.33333,5000,5,0.91860573777778,0.24003209151672222,0.2366853422485992
1.5,2040,[9774   25   56   91   54],1,3.33333,10000,5,0.95657144888889,0.23887413763902177,0.2355075675391949
1,2040,[7 2 4 4 3],1,3.33333,20,5,0.7905544444450001,0.856083343916,0.7806051004122389
1,2040,[14  6 11 14  5],1,3.33333,50,5,0.45182177777800003,0.4668585331412,0.4398449886407144
1,2040,[23 11 26 29 11],1,3.33333,100,5,0.339910888889,0.3325511747950195,0.3233279784833567
1,2040,[46 23 55 52 24],1,3.33333,200,5,0.2793054444445,0.2641317141290913,0.2618392539442656
1,2040,[103  56 141 129  71],1,3.33333,500,5,0.24345417777779998,0.22510862726246147,0.22474935830915085
1,2040,[197 125 285 258 135],1,3.33333,1000,5,0.23155908888889998,0.21238588209995854,0.2123088007751171
1,2040,[394 297 577 489 243],1,3.33333,2000,5,0.22419154444445,0.20613260675633513,0.2061143672104179
1,2040,[1007  729 1422 1231  611],1,3.33333,5000,5,0.22047245777778002,0.20245201045075203,0.202449022339002
1,2040,[2053 1440 2869 2470 1168],1,3.33333,10000,5,0.22095804888889,0.20124049204832925,0.20123961014834826
0.5,2040,[7 2 4 4 3],1,3.33333,20,5,0.7905544444450001,0.856083343916,0.7806051004122389
0.5,2040,[11  3 15 11 10],1,3.33333,50,5,0.45262177777800006,0.5030296969700001,0.4433158769907659
0.5,2040,[21 17 29 21 12],1,3.33333,100,5,0.326710888889,0.3208342990438763,0.3169646147360279
0.5,2040,[46 37 52 34 31],1,3.33333,200,5,0.2632054444445,0.2576295540360925,0.25718257518231125
0.5,2040,[ 95  90 116 109  90],1,3.33333,500,5,0.22447017777779998,0.22246375044730898,0.22244025721842134
0.5,2040,[194 200 212 217 177],1,3.33333,1000,5,0.21210908888889998,0.21116870333026344,0.21116554757678893
0.5,2040,[417 395 410 414 364],1,3.33333,2000,5,0.20603204444445,0.2055695280516326,0.20556912897453347
0.5,2040,[1039  947 1047 1018  949],1,3.33333,5000,5,0.20260077777778002,0.20222648399378274,0.20222643643839608
0.5,2040,[2107 1929 2075 1950 1939],1,3.33333,10000,5,0.20139446888888998,0.20111265988449134,0.2011126514400151
1.5,7080,[ 4  3 10  2  1],1,3.33333,20,5,0.8805544444450002,1.1703684296306,0.8430982866585005
1.5,7080,[ 7  7 32  2  2],1,3.33333,50,5,0.6742217777780001,0.785316289683125,0.5493416560047663
1.5,7080,[16  8 70  3  3],1,3.33333,100,5,0.634910888889,0.5859780640215501,0.435354056105246
1.5,7080,[ 22  10 161   3   4],1,3.33333,200,5,0.7188054444445,0.5266655950732088,0.39202433415913174
1.5,7080,[ 26  13 453   3   5],1,3.33333,500,5,0.8465741777778,0.4892996232828689,0.3651269231473281
1.5,7080,[ 27  14 951   3   5],1,3.33333,1000,5,0.9164710888888999,0.48571074702643663,0.360052440701972
1.5,7080,[  32   15 1945    3    5],1,3.33333,2000,5,0.95163254444445,0.48078350012881554,0.35285804888621275
1.5,7080,[  33   16 4943    3    5],1,3.33333,5000,5,0.97960733777778,0.47837218544505594,0.3497754811920164
1.5,7080,[  34   17 9941    3    5],1,3.33333,10000,5,0.98936070888889,0.47629687893992007,0.34719014645844587
1,7080,[ 4  3 10  2  1],1,3.33333,20,5,0.8805544444450002,1.1703684296306,0.8430982866585005
1,7080,[10  5 26  6  3],1,3.33333,50,5,0.560621777778,0.5726488273508,0.4883103977574549
1,7080,[24  9 54  8  5],1,3.33333,100,5,0.47731088888900003,0.42057569053520005,0.37183550478691024
1,7080,[ 52  12 101  22  13],1,3.33333,200,5,0.3981054444445,0.3043743312691287,0.29005110065206274
1,7080,[132  30 282  35  21],1,3.33333,500,5,0.42027817777779997,0.25362018893294896,0.2483115260200471
1,7080,[245  55 565  83  52],1,3.33333,1000,5,0.4029790888889,0.22458320609625085,0.22345653511995514
1,7080,[ 478  109 1154  159  100],1,3.33333,2000,5,0.40739604444445,0.21263207315289476,0.21231768086703534
1,7080,[1144  294 2891  425  246],1,3.33333,5000,5,0.40198997777778,0.20490637655057173,0.20485745753993811
1,7080,[2276  594 5772  821  537],1,3.33333,10000,5,0.39922516888889,0.20238948115762478,0.20237859563447438
0.5,7080,[ 4  3 10  2  1],1,3.33333,20,5,0.8805544444450002,1.1703684296306,0.8430982866585005
0.5,7080,[14  6 20  4  6],1,3.33333,50,5,0.4958217777780001,0.5132268867728,0.46159823431544855
0.5,7080,[26 11 34 19 10],1,3.33333,100,5,0.352510888889,0.3384059334205536,0.3271754982350029
0.5,7080,[45 27 61 43 24],1,3.33333,200,5,0.27805544444450003,0.26247773393428475,0.26078617835755274
0.5,7080,[110  62 132 110  86],1,3.33333,500,5,0.23367817777779998,0.22378418131707023,0.22358945749529002
0.5,7080,[192 156 248 215 189],1,3.33333,1000,5,0.2157610888889,0.21137465097946787,0.2113601807915729
0.5,7080,[371 339 487 406 397],1,3.33333,2000,5,0.20859954444445,0.20563581284494883,0.20563372054236062
0.5,7080,[ 965  897 1078 1048 1012],1,3.33333,5000,5,0.20303685777778002,0.20223158717343886,0.20223148033234453
0.5,7080,[1916 1918 2086 2095 1985],1,3.33333,10000,5,0.20141536888889,0.20111279279386687,0.20111278352248724
