1.5,4382,[10 16 13 21  7  2  6  3  5 17],1,10,100,10,1.1378,1.7887227968110322,1.1349260511118318
1.5,4382,[15 46 24 55 10  2 10  4  6 28],1,10,200,10,0.67455,1.4006352343308868,0.662632687181308
1.5,4382,[ 24 134  45 191  15   2  17   7   9  56],1,10,500,10,0.443288,1.0739027704541222,0.3944453147735151
1.5,4382,[ 29 275  59 477  19   2  23   8   9  99],1,10,1000,10,0.418316,0.9994866718871811,0.31483247682392485
1.5,4382,[  36  518   80 1149   22    2   27   10   10  146],1,10,2000,10,0.4547385,0.9324194992875025,0.2735886617699811
1.5,4382,[  48 1018   96 3545   23    2   35   15   13  205],1,10,5000,10,0.56636184,0.8530318875294537,0.2450554480735722
1.5,4382,[  56 1485  109 8025   23    2   36   16   13  235],1,10,10000,10,0.67678346,0.8427639007684053,0.2363574648839618
1,4382,[10 16 13 21  7  2  6  3  5 17],1,10,100,10,1.1378,1.7887227968110322,1.1349260511118318
1,4382,[18 30 24 55 13  6 15  3  5 31],1,10,200,10,0.65625,1.1245851818432464,0.6463422255424491
1,4382,[ 49  71  64 147  39  14  33   6   7  70],1,10,500,10,0.36375199999999996,0.6081025425781461,0.343083628276722
1,4382,[101 126 128 316  77  23  67  15  12 135],1,10,1000,10,0.271858,0.35761260939585715,0.23717522255291668
1,4382,[199 255 249 589 164  45 130  34  32 303],1,10,2000,10,0.21333950000000002,0.21463473701091507,0.17553154092447132
1,4382,[ 500  639  646 1556  384   92  307   86   75  715],1,10,5000,10,0.19084752,0.14884650894783194,0.13701120570112035
1,4382,[ 948 1299 1299 3134  792  215  630  176  128 1379],1,10,10000,10,0.18114852,0.1246341512328633,0.12054559015477302
0.5,4382,[10 16 13 21  7  2  6  3  5 17],1,10,100,10,1.1378,1.7887227968110322,1.1349260511118318
0.5,4382,[22 33 25 33  9 14 15  9 11 29],1,10,200,10,0.6208,0.7317699159078469,0.6177212416472893
0.5,4382,[60 74 62 64 29 40 43 33 26 69],1,10,500,10,0.311328,0.3279301074001799,0.30795566883352166
0.5,4382,[119 134 118 113  74  80  82  76  68 136],1,10,1000,10,0.206306,0.20661553543599923,0.2032123017061187
0.5,4382,[238 254 238 220 155 176 173 150 148 248],1,10,2000,10,0.1542605,0.1522552831578009,0.1514706294765599
0.5,4382,[557 567 535 559 408 459 460 443 440 572],1,10,5000,10,0.12144888000000001,0.12029892624814001,0.12024761715479192
0.5,4382,[1092 1084 1074 1065  840  954  937  931  938 1085],1,10,10000,10,0.11072736,0.1100761269756737,0.110068881429546
1.5,5486,[ 1  3 14 11 25  3  1  8 17 17],1,10,100,10,1.1604,3.211651387827858,1.156560215406636
1.5,5486,[ 1  5 27 15 68  3  1 16 27 37],1,10,200,10,0.6992,2.8783069834540425,0.6826195742396066
1.5,5486,[  1   7  60  22 226   4   1  26  64  89],1,10,500,10,0.47168,2.624725627257135,0.40987704291527627
1.5,5486,[  1   9  99  35 572   4   1  30 105 144],1,10,1000,10,0.47097,2.5513333888333887,0.32447539454864505
1.5,5486,[   1   10  135   39 1389    4    1   35  155  231],1,10,2000,10,0.556949,2.5231204212566993,0.2855474721521366
1.5,5486,[   1   11  172   44 4181    4    1   40  199  347],1,10,5000,10,0.7269612000000001,2.502596464363607,0.2631949799572426
1.5,5486,[   1   11  200   47 9040    4    1   41  231  424],1,10,10000,10,0.82998766,2.498374044920279,0.2544113723442617
1,5486,[ 1  3 14 11 25  3  1  8 17 17],1,10,100,10,1.1604,3.211651387827858,1.156560215406636
1,5486,[ 3  4 38 21 47  3  5 17 27 35],1,10,200,10,0.6599,1.4363100945243095,0.6535376306845283
1,5486,[  9  12 105  39 128  10   7  43  67  80],1,10,500,10,0.368168,0.6309601095542391,0.3513016101505563
1,5486,[ 20  27 205  79 252  25  11  87 136 158],1,10,1000,10,0.26467399999999996,0.3646269665170554,0.2402887228289667
1,5486,[ 40  61 405 162 532  64  19 164 253 300],1,10,2000,10,0.21599400000000002,0.23355515960598508,0.1797105688074117
1,5486,[  89  160 1030  424 1315  182   45  399  606  750],1,10,5000,10,0.18510031999999998,0.15478226741311263,0.1382681911318899
1,5486,[ 173  300 2091  853 2693  328   71  794 1228 1469],1,10,10000,10,0.17881074000000002,0.13102338707444827,0.12303165179068622
0.5,5486,[ 1  3 14 11 25  3  1  8 17 17],1,10,100,10,1.1604,3.211651387827858,1.156560215406636
0.5,5486,[ 3  8 27 23 44 15  4 12 34 30],1,10,200,10,0.6427,1.124321002006424,0.6373949858236339
0.5,5486,[23 27 63 58 81 31 24 37 70 86],1,10,500,10,0.32141600000000004,0.35284075157458983,0.3149518330138532
0.5,5486,[ 63  70 116 109 155  76  68  75 135 133],1,10,1000,10,0.21017,0.2105286594667391,0.20512340422906278
0.5,5486,[145 138 230 211 287 162 156 170 247 254],1,10,2000,10,0.156216,0.15316545140064383,0.15208311397321284
0.5,5486,[382 429 564 507 623 421 427 467 562 618],1,10,5000,10,0.12274664,0.12055540336578002,0.12046097547730626
0.5,5486,[ 835  953 1061  978 1228  912  906  913 1066 1148],1,10,10000,10,0.11136032,0.1101309576203232,0.11011933781539103
1.5,6604,[ 1 23 15  5 17 14 12  1 11  1],1,10,100,10,1.1532,3.714639452618992,1.1506198297459986
1.5,6604,[ 2 62 31 10 30 29 16  2 17  1],1,10,200,10,0.68,2.437526718139981,0.667472684368525
1.5,6604,[  3 222  55  14  69  74  25   4  33   1],1,10,500,10,0.457928,1.8757575248879597,0.39584095546369924
1.5,6604,[  3 573  97  15 123 110  30   4  44   1],1,10,1000,10,0.46805399999999997,1.835336075500924,0.3161131017939909
1.5,6604,[   4 1413  128   16  189  157   33    4   55    1],1,10,2000,10,0.5694315,1.7311654946109565,0.2787147278274074
1.5,6604,[   4 4206  180   18  279  205   39    4   64    1],1,10,5000,10,0.73394704,1.7110771705105619,0.2539296553470813
1.5,6604,[   4 9073  199   20  342  246   40    4   71    1],1,10,10000,10,0.83543484,1.7012088670567296,0.24427192751976318
1,6604,[ 1 23 15  5 17 14 12  1 11  1],1,10,100,10,1.1532,3.714639452618992,1.1506198297459986
1,6604,[ 4 49 31  9 31 23 22  5 23  3],1,10,200,10,0.6499,1.2117798039356844,0.643405946544373
1,6604,[ 10 108  73  19  78  79  61  14  48  10],1,10,500,10,0.34440000000000004,0.5097235563970837,0.3346457589760217
1,6604,[ 16 240 149  36 158 141 109  34  96  21],1,10,1000,10,0.248892,0.31119895726423064,0.2302560997382038
1,6604,[ 34 465 298  72 306 285 245  73 175  47],1,10,2000,10,0.19610450000000001,0.20035478596221423,0.1716371451684886
1,6604,[ 106 1205  742  155  743  704  601  186  475   83],1,10,5000,10,0.16855304,0.14202320267238652,0.1338446889027206
1,6604,[ 200 2432 1435  341 1497 1380 1207  370  969  169],1,10,10000,10,0.1583681,0.12091359461917535,0.11833600214150594
0.5,6604,[ 1 23 15  5 17 14 12  1 11  1],1,10,100,10,1.1532,3.714639452618992,1.1506198297459986
0.5,6604,[ 5 38 22 11 39 31 24  7 17  6],1,10,200,10,0.63765,0.9305925215967161,0.6327123835041426
0.5,6604,[19 75 47 36 82 61 70 40 48 22],1,10,500,10,0.316896,0.34918144345092383,0.3120872947347182
0.5,6604,[ 51 124  89  80 170 118 128  67 121  52],1,10,1000,10,0.21334,0.2159983487098448,0.20704810763230946
0.5,6604,[112 236 189 174 297 237 243 153 237 122],1,10,2000,10,0.1580315,0.15485770858569803,0.1529733809663998
0.5,6604,[329 520 452 464 703 582 596 422 556 376],1,10,5000,10,0.12459944,0.12097649677492046,0.1207990267261942
0.5,6604,[ 736  985  938  939 1323 1174 1149  877 1095  784],1,10,10000,10,0.11305102,0.11031195662855063,0.110282254309345
1.5,4386,[ 3 39  5  2 10  2  7 21  5  6],1,10,100,10,1.2214,2.3161172161172163,1.2038870929392367
1.5,4386,[ 3 95  7  2 20  2  7 48  8  8],1,10,200,10,0.7993,2.0504072681704257,0.7544313518959072
1.5,4386,[  3 305  13   3  36   2  11 103  14  10],1,10,500,10,0.622152,1.6466926100938515,0.4923922467335845
1.5,4386,[  3 721  14   4  47   2  11 171  16  11],1,10,1000,10,0.652014,1.5275915980931527,0.42104317062784513
1.5,4386,[   3 1622   14    4   59    2   13  255   17   11],1,10,2000,10,0.7250485,1.502904845987005,0.3845041538970245
1.5,4386,[   3 4502   14    4   67    2   13  363   20   12],1,10,5000,10,0.8362080000000001,1.4829206325899487,0.3620117097148747
1.5,4386,[   3 9435   15    4   70    2   14  423   21   13],1,10,10000,10,0.90204114,1.462726464791546,0.35222332848686316
1,4386,[ 3 39  5  2 10  2  7 21  5  6],1,10,100,10,1.2214,2.3161172161172163,1.2038870929392367
1,4386,[ 5 75  8  5 24  7 12 44 10 10],1,10,200,10,0.7161,1.128917748917749,0.6890045904045119
1,4386,[ 21 182  22  16  66  21  33  89  27  23],1,10,500,10,0.39748,0.4458929446044737,0.3537372717115612
1,4386,[ 44 376  55  30 142  42  56 168  54  33],1,10,1000,10,0.30452999999999997,0.28038484867223257,0.24106605280160404
1,4386,[ 95 738 108  55 258  90 106 374 112  64],1,10,2000,10,0.2526935,0.19097081736821203,0.17672808342335036
1,4386,[ 231 1833  282  140  675  228  271  939  256  145],1,10,5000,10,0.22246823999999998,0.1369887622442584,0.13370870270116675
1,4386,[ 467 3733  582  270 1303  459  519 1845  530  292],1,10,10000,10,0.21513042000000002,0.11855747207263041,0.11759611325866638
0.5,4386,[ 3 39  5  2 10  2  7 21  5  6],1,10,100,10,1.2214,2.3161172161172163,1.2038870929392367
0.5,4386,[ 5 48 13 14 19  4 19 45 18 15],1,10,200,10,0.65015,0.9688925840241629,0.6406536143321321
0.5,4386,[26 90 41 47 38 23 51 96 44 44],1,10,500,10,0.321312,0.34051259482148594,0.3133272807134365
0.5,4386,[ 58 151  85 102  89  61 110 172  86  86],1,10,1000,10,0.211912,0.21122259752951675,0.20560194178332705
0.5,4386,[122 277 195 213 184 144 214 298 171 182],1,10,2000,10,0.156641,0.15338015808194894,0.15219459171662045
0.5,4386,[366 649 502 516 483 408 533 647 447 449],1,10,5000,10,0.12309112000000001,0.12061053824150218,0.120507228904002
0.5,4386,[ 809 1193  988  962  973  882 1021 1243  936  993],1,10,10000,10,0.11153605999999999,0.11014686234875741,0.1101338144589546
1.5,7297,[ 4  2 14  1 11  4  3 16 36  9],1,10,100,10,1.1996,2.7970598845598844,1.1867042164136692
1.5,7297,[ 4  3 22  1 19  7  4 27 99 14],1,10,200,10,0.79155,2.2928432191590087,0.7384131227239459
1.5,7297,[  7   3  38   1  29   8   5  54 334  21],1,10,500,10,0.669384,2.031120602398464,0.49502555511498825
1.5,7297,[ 10   4  51   1  35   9   6  77 781  26],1,10,1000,10,0.720626,1.8286860106661267,0.416090748356887
1.5,7297,[  10    5   57    1   37   10    6   98 1746   30],1,10,2000,10,0.815975,1.755347705994943,0.3845237118775708
1.5,7297,[  10    5   66    1   41   11    6  120 4709   31],1,10,5000,10,0.90785448,1.73792127379113,0.36313405976985613
1.5,7297,[  10    5   75    1   45   12    6  134 9680   32],1,10,10000,10,0.94729336,1.7243715479078439,0.3501473039598988
1,7297,[ 4  2 14  1 11  4  3 16 36  9],1,10,100,10,1.1996,2.7970598845598844,1.1867042164136692
1,7297,[ 8  4 26  1 20  6 12 26 75 22],1,10,200,10,0.70305,1.9107109557109558,0.6782200962008748
1,7297,[ 16   6  71  10  56  10  30  59 193  49],1,10,500,10,0.4108,0.6369803128573345,0.3649724851087368
1,7297,[ 32  12 160  15  98  18  45 128 397  95],1,10,1000,10,0.32196400000000003,0.396339566887562,0.2563708840566247
1,7297,[ 66  26 324  29 206  34  87 235 811 182],1,10,2000,10,0.27702,0.24792548876444379,0.19149074725417792
1,7297,[ 177   54  806   64  531   76  212  556 2015  509],1,10,5000,10,0.245964,0.16505152147096863,0.14580639076074708
1,7297,[ 359  112 1597  116 1097  163  384 1126 4025 1021],1,10,10000,10,0.23593666000000002,0.13272764210214044,0.1262124277200464
0.5,7297,[ 4  2 14  1 11  4  3 16 36  9],1,10,100,10,1.1996,2.7970598845598844,1.1867042164136692
0.5,7297,[ 6 10 22 10 24 10 12 29 54 23],1,10,200,10,0.6456500000000001,0.8336007501299855,0.6358097264060188
0.5,7297,[ 17  48  57  32  60  31  39  64 107  45],1,10,500,10,0.322072,0.3502094958327877,0.31398961181358404
0.5,7297,[ 58 108  97  91 116  58  83 116 184  89],1,10,1000,10,0.21166000000000001,0.21100061696577996,0.20539590052159318
0.5,7297,[147 231 200 188 228 134 173 209 321 169],1,10,2000,10,0.1563665,0.15289698620990075,0.151951644119398
0.5,7297,[438 513 498 471 536 447 432 519 698 448],1,10,5000,10,0.12223424000000001,0.1203728099497905,0.12031848419752907
0.5,7297,[ 882 1015 1012  928 1086  942  902 1062 1240  931],1,10,10000,10,0.11106046,0.1100979509654472,0.11008958655556689
1.5,5382,[13 41  6  6  2 10  4  1  5 12],1,10,100,10,1.2212,2.667979987492183,1.2009511953749474
1.5,5382,[ 14 122   6   9   3  15   5   1   8  17],1,10,200,10,0.8952500000000001,2.2412265999295893,0.8012927086612938
1.5,5382,[ 16 396   7  11   3  23   7   1  11  25],1,10,500,10,0.8343039999999999,2.0493693142606184,0.5912344090621071
1.5,5382,[ 18 881   8  14   3  28   7   1  11  29],1,10,1000,10,0.8785499999999999,1.9904158121984652,0.5278187588334471
1.5,5382,[  21 1869    8   14    3   30    8    1   11   35],1,10,2000,10,0.9240455,1.9557298506736709,0.49459005627822983
1.5,5382,[  22 4859    9   15    3   33    8    1   11   39],1,10,5000,10,0.96453904,1.9286246070821085,0.47302295230750013
1.5,5382,[  23 9853   10   17    3   34    8    1   11   40],1,10,10000,10,0.98085478,1.9060574711610279,0.4619366743941333
1,5382,[13 41  6  6  2 10  4  1  5 12],1,10,100,10,1.2212,2.667979987492183,1.2009511953749474
1,5382,[25 74 11 21  8 13  7  1  8 32],1,10,200,10,0.70085,1.7930718718218719,0.6761881332427253
1,5382,[ 52 181  25  57  23  32  19   6  18  87],1,10,500,10,0.39672799999999997,0.5433758056710641,0.3555230095010088
1,5382,[ 99 371  47 124  42  58  26  13  44 176],1,10,1000,10,0.30391199999999996,0.32698214917805557,0.24474016931541967
1,5382,[158 814  85 243  73 120  45  30 103 329],1,10,2000,10,0.2738345,0.21377331794011778,0.18336071108296492
1,5382,[ 341 2094  236  641  176  283  113   77  255  784],1,10,5000,10,0.25108552,0.1454564932036344,0.13807560657100332
1,5382,[ 655 4231  467 1305  358  596  256  130  459 1543],1,10,10000,10,0.24408846,0.12356712295793357,0.12078077009588345
0.5,5382,[13 41  6  6  2 10  4  1  5 12],1,10,100,10,1.2212,2.667979987492183,1.2009511953749474
0.5,5382,[28 56 15 16 11 25 10  3 12 24],1,10,200,10,0.6494,0.9719805194805194,0.6386039305137727
0.5,5382,[ 57 105  45  54  28  68  36  17  39  51],1,10,500,10,0.32132,0.350078753948723,0.31366768270537354
0.5,5382,[116 184  94  94  64 109  84  46  98 111],1,10,1000,10,0.212058,0.21298836291636103,0.20583002823880808
0.5,5382,[226 320 194 184 165 218 182 107 197 207],1,10,2000,10,0.156487,0.15353432246232884,0.15218502587560978
0.5,5382,[568 672 510 477 412 518 495 341 506 501],1,10,5000,10,0.12272992,0.12058861129618627,0.12047952067609462
0.5,5382,[1078 1302 1019  940  865 1031  959  751 1054 1001],1,10,10000,10,0.11187034,0.1101889568577288,0.11017097440893613
1.5,4793,[ 6  5 17 18 14  7 11  1  8 13],1,10,100,10,1.1274,2.088163633751869,1.1256060039543025
1.5,4793,[ 9  7 52 32 32  9 16  1 10 32],1,10,200,10,0.6586000000000001,1.7405601343101345,0.6499088614110778
1.5,4793,[ 11  15 166  84  64  13  28   1  25  93],1,10,500,10,0.39712800000000004,1.4545196666754674,0.3668485971375347
1.5,4793,[ 16  24 419 163 112  16  35   1  45 169],1,10,1000,10,0.347574,1.3408276528222247,0.27528765991135534
1.5,4793,[  18   26 1058  286  184   19   43    1   51  314],1,10,2000,10,0.384856,1.302573509120322,0.23652838583006708
1.5,4793,[  19   30 3509  489  271   19   48    2   62  551],1,10,5000,10,0.53748072,0.7833937470037601,0.214771753105977
1.5,4793,[  21   32 8117  624  330   20   54    2   67  733],1,10,10000,10,0.67930528,0.7684332611109255,0.20613448691486866
1,4793,[ 6  5 17 18 14  7 11  1  8 13],1,10,100,10,1.1274,2.088163633751869,1.1256060039543025
1,4793,[10 12 39 36 25 13 23  1 12 29],1,10,200,10,0.63425,1.614969566498802,0.6300325676578309
1,4793,[17 21 95 96 59 33 64  3 36 76],1,10,500,10,0.338872,0.6645317481803091,0.3299337037961135
1,4793,[ 42  37 202 178 139  51 130   6  73 142],1,10,1000,10,0.239972,0.3833069691728045,0.2259932343518647
1,4793,[ 72  83 414 350 288 109 247   9 152 276],1,10,2000,10,0.190291,0.2692180474844226,0.17091730951688316
1,4793,[ 166  194 1042  915  700  274  632   13  360  704],1,10,5000,10,0.16312263999999999,0.20101311882632555,0.13620045483651141
1,4793,[ 292  351 2055 1835 1428  528 1276   29  776 1430],1,10,10000,10,0.15392776000000002,0.14715387519553114,0.12235377042966891
0.5,4793,[ 6  5 17 18 14  7 11  1  8 13],1,10,100,10,1.1274,2.088163633751869,1.1256060039543025
0.5,4793,[13  8 28 39 24 20 20  8 16 24],1,10,200,10,0.62025,0.7341117216117216,0.6169491690483742
0.5,4793,[36 26 46 88 58 56 66 30 46 48],1,10,500,10,0.312032,0.3254979174581873,0.3078794923138721
0.5,4793,[ 91  60  92 166 115 110 107  68  92  99],1,10,1000,10,0.207564,0.20735815258729923,0.20359615663974512
0.5,4793,[190 132 202 281 233 201 206 160 185 210],1,10,2000,10,0.153585,0.15188677835223002,0.151213913025081
0.5,4793,[510 360 507 636 567 479 503 434 486 518],1,10,5000,10,0.1219224,0.1204149609611091,0.12033898108790787
0.5,4793,[ 991  751 1044 1217 1119  992  988  928  998  972],1,10,10000,10,0.11131448,0.11014244886499822,0.11012811261840147
1.5,4561,[10  3 22 24  8  4  4 22  1  2],1,10,100,10,1.1754,2.790909090909091,1.1699390065897985
1.5,4561,[17  3 39 47 11  5 10 63  1  4],1,10,200,10,0.7065,2.1958565909129115,0.6909791727182889
1.5,4561,[ 26   4  83 164  16  10  14 178   1   4],1,10,500,10,0.46692,1.896153841164894,0.4237517572262488
1.5,4561,[ 37   4 128 389  17  15  15 389   1   5],1,10,1000,10,0.421176,1.7821377779469323,0.3419237301712611
1.5,4561,[ 39   4 203 811  23  17  16 879   2   6],1,10,2000,10,0.41855549999999997,1.2144062930138535,0.30088551710999967
1.5,4561,[  47    4  325 2201   26   18   18 2353    2    6],1,10,5000,10,0.43960896000000005,1.191472163373033,0.27576202578642406
1.5,4561,[  51    4  408 4474   29   19   18 4989    2    6],1,10,10000,10,0.46077444,1.1818193379241582,0.26659055558740236
1,4561,[10  3 22 24  8  4  4 22  1  2],1,10,100,10,1.1754,2.790909090909091,1.1699390065897985
1,4561,[29  8 36 34 16 14  6 45  7  5],1,10,200,10,0.6486000000000001,0.9823469042789529,0.6418304953042877
1,4561,[ 63  26  92  85  44  43  11 102  14  20],1,10,500,10,0.34096000000000004,0.4450934960213494,0.32989619604747245
1,4561,[111  55 186 179 100  78  22 201  27  41],1,10,1000,10,0.241362,0.27283122704826346,0.2240889056567936
1,4561,[254 110 370 325 229 154  46 376  51  85],1,10,2000,10,0.187154,0.1854391153876069,0.166727697863042
1,4561,[562 276 960 819 574 377 123 959 120 230],1,10,5000,10,0.15832384,0.13391388948538807,0.1295104426205145
1,4561,[1149  516 1936 1684 1161  748  255 1872  232  447],1,10,10000,10,0.14900876000000002,0.11712012246191278,0.11575706414829794
0.5,4561,[10  3 22 24  8  4  4 22  1  2],1,10,100,10,1.1754,2.790909090909091,1.1699390065897985
0.5,4561,[19 11 43 42 15 13 11 34  4  8],1,10,200,10,0.64615,0.9295166068241884,0.6385361691968141
0.5,4561,[ 54  43 100  74  37  29  36  72  29  26],1,10,500,10,0.321792,0.3414085953821319,0.31387505293035717
0.5,4561,[104  91 170 125  93  62  94 127  73  61],1,10,1000,10,0.21012999999999998,0.20997285535598864,0.20488171728013987
0.5,4561,[195 191 315 234 195 152 190 225 172 131],1,10,2000,10,0.1557715,0.15267421078099253,0.15178806067233216
0.5,4561,[480 517 649 563 493 410 475 531 506 376],1,10,5000,10,0.12208024,0.12042638363221145,0.12035191774080059
0.5,4561,[ 973 1061 1212 1123  979  864  964 1037  990  797],1,10,10000,10,0.11127434,0.11013113933045918,0.11011868900566946
1.5,9843,[ 7  8  3  4 11 29  9 17  9  3],1,10,100,10,1.156,1.690961410687577,1.148698225950299
1.5,9843,[12 13  4  9 17 71 20 34 16  4],1,10,200,10,0.6892,1.086187322527422,0.6664392521413124
1.5,9843,[ 18  23   4  14  29 260  39  76  29   8],1,10,500,10,0.510832,0.757072979319093,0.4066519773265793
1.5,9843,[ 22  35   5  18  32 654  59 128  38   9],1,10,1000,10,0.552188,0.6245491346964654,0.3289527124219851
1.5,9843,[  28   43    6   20   40 1562   73  177   42    9],1,10,2000,10,0.670754,0.5555459537717433,0.29346481750253867
1.5,9843,[  32   46    6   21   44 4463   84  246   47   11],1,10,5000,10,0.8197529600000001,0.5183816711872946,0.27340169763365396
1.5,9843,[  34   47    6   21   47 9401   92  290   51   11],1,10,10000,10,0.89480138,0.5111918172693535,0.2650816014023369
1,9843,[ 7  8  3  4 11 29  9 17  9  3],1,10,100,10,1.156,1.690961410687577,1.148698225950299
1,9843,[17 10 10  6 22 57 18 36 19  5],1,10,200,10,0.6566000000000001,0.9244535134628012,0.6444804433882799
1,9843,[ 39  17  22  11  75 149  46  82  45  14],1,10,500,10,0.365208,0.46845798018252893,0.3411762422368966
1,9843,[ 64  35  38  24 164 289  97 171  91  27],1,10,1000,10,0.265418,0.2859199328927837,0.23283012341984824
1,9843,[119  70  75  58 346 600 191 317 166  58],1,10,2000,10,0.218914,0.1894762802736215,0.17266894598115573
1,9843,[ 267  178  181  184  856 1477  490  768  424  175],1,10,5000,10,0.1849672,0.13358388867696433,0.1306739505629882
1,9843,[ 557  336  369  329 1677 2918 1032 1602  836  344],1,10,10000,10,0.17443260000000002,0.11715642775877848,0.11623109412065338
0.5,9843,[ 7  8  3  4 11 29  9 17  9  3],1,10,100,10,1.156,1.690961410687577,1.148698225950299
0.5,9843,[13 17 10 10 21 48 20 29 16 16],1,10,200,10,0.6289,0.7136817459079122,0.6221325307334128
0.5,9843,[32 51 38 30 47 90 53 70 46 43],1,10,500,10,0.311808,0.3210432560023515,0.30734675852812926
0.5,9843,[ 74  98  69  90  97 161 105 129  83  94],1,10,1000,10,0.206662,0.20580415650693556,0.2030435825267607
0.5,9843,[172 180 150 197 171 290 215 241 185 199],1,10,2000,10,0.15369149999999998,0.15163961833862202,0.15112463177513258
0.5,9843,[447 451 410 494 476 649 561 559 428 525],1,10,5000,10,0.12196536000000001,0.12037207010204841,0.12031203489999154
0.5,9843,[ 923  876  847  993  955 1214 1062 1139  952 1039],1,10,10000,10,0.11119574,0.11011597345449228,0.1101056144509079
1.5,8243,[14 28 18  5  1  3 11 15  2  3],1,10,100,10,1.1698,2.786940836940837,1.1641259499050665
1.5,8243,[33 66 32 12  1  3 16 31  2  4],1,10,200,10,0.6965,2.438129276637341,0.6816880710008087
1.5,8243,[ 76 221  71  21   2   4  22  74   4   5],1,10,500,10,0.46448,1.43835439524403,0.4066999270481505
1.5,8243,[127 574 108  29   2   4  29 118   4   5],1,10,1000,10,0.472936,1.396315528798602,0.3262237268691205
1.5,8243,[ 194 1408  150   36    3    4   34  162    4    5],1,10,2000,10,0.5678405,1.2092272484378181,0.2870282911697997
1.5,8243,[ 281 4171  223   41    3    4   41  226    5    5],1,10,5000,10,0.72321776,1.144821374352533,0.26027031683959123
1.5,8243,[ 340 9033  257   44    3    4   43  266    5    5],1,10,10000,10,0.82851354,1.1400187507566546,0.25141277745818963
1,8243,[14 28 18  5  1  3 11 15  2  3],1,10,100,10,1.1698,2.786940836940837,1.1641259499050665
1,8243,[28 50 42  9  4  7 24 25  6  5],1,10,200,10,0.6614,1.1318253968253968,0.6527073894929621
1,8243,[ 56 104 109  28  25  25  48  61  14  30],1,10,500,10,0.33995200000000003,0.3943498058316076,0.32617467539656714
1,8243,[124 217 203  47  52  45 103 121  31  57],1,10,1000,10,0.240072,0.24810363147121126,0.22051407049808505
1,8243,[249 442 396 105 113  80 216 233  62 104],1,10,2000,10,0.18999499999999997,0.17434301926376908,0.16419627155170827
1,8243,[ 651 1127  999  304  239  193  546  537  159  245],1,10,5000,10,0.16202032,0.1301439720640775,0.12783137251919777
1,8243,[1317 2247 2082  574  483  373 1066 1062  315  481],1,10,10000,10,0.15414902000000003,0.11531147661179458,0.11461610294793967
0.5,8243,[14 28 18  5  1  3 11 15  2  3],1,10,100,10,1.1698,2.786940836940837,1.1641259499050665
0.5,8243,[27 44 34  9  3  7 25 30 12  9],1,10,200,10,0.64275,1.0442554395495574,0.637152975831867
0.5,8243,[64 89 60 45 19 33 66 64 32 28],1,10,500,10,0.317408,0.34642525406126823,0.3121799303529158
0.5,8243,[126 149 108 102  54  83 121 103  86  68],1,10,1000,10,0.20722000000000002,0.20858479945365105,0.20381849064324103
0.5,8243,[232 266 218 228 146 164 216 200 180 150],1,10,2000,10,0.153464,0.15184159209536502,0.1511943480595579
0.5,8243,[596 567 555 533 404 431 512 515 465 422],1,10,5000,10,0.12157896,0.12033000678228142,0.12027256365527955
0.5,8243,[1157 1069 1122 1039  853  880 1063 1023  916  878],1,10,10000,10,0.11108261999999999,0.11011109011347305,0.11010070569632532
1.5,7302,[ 8  6 27  3 11  4  9  5 12 15],1,10,100,10,1.145,1.5640572390572391,1.1393043119178832
1.5,7302,[11 14 55  3 18  4 13 13 31 38],1,10,200,10,0.66085,1.1318283772443365,0.6497865181110156
1.5,7302,[ 22  26 178   5  33   5  28  17  83 103],1,10,500,10,0.410216,0.7361318375084166,0.37101436041460795
1.5,7302,[ 27  47 444   7  69   6  44  20 143 193],1,10,1000,10,0.364954,0.5694840750515069,0.27791566987618155
1.5,7302,[  32   64 1111    7   99    8   60   24  235  360],1,10,2000,10,0.409589,0.49109967322720116,0.23586444042917296
1.5,7302,[  41   82 3627    7  117    9   71   29  387  630],1,10,5000,10,0.5691961600000001,0.4521148849004605,0.21279565804547307
1.5,7302,[  51   94 8255    7  138   10   75   32  475  863],1,10,10000,10,0.70152698,0.42831814442494065,0.20244072260564144
1,7302,[ 8  6 27  3 11  4  9  5 12 15],1,10,100,10,1.145,1.5640572390572391,1.1393043119178832
1,7302,[16  6 47  9 29 12 16  8 29 28],1,10,200,10,0.6378,0.837067509811457,0.6311769041452784
1,7302,[ 39  13 104  37  66  27  34  17  82  81],1,10,500,10,0.33476,0.40417116147627863,0.3243826178563497
1,7302,[ 78  36 198  68 109  67  59  41 179 165],1,10,1000,10,0.232006,0.2374409577468596,0.21640823866793588
1,7302,[166  59 405 136 211 138 112  87 346 340],1,10,2000,10,0.18313800000000002,0.17103521339446748,0.16197679601573406
1,7302,[408 159 996 319 524 332 290 234 852 886],1,10,5000,10,0.15280312,0.1278237032374136,0.12605359345165618
1,7302,[ 797  298 1995  614 1056  687  607  483 1715 1748],1,10,10000,10,0.14266606,0.11401591383448763,0.11345941837973368
0.5,7302,[ 8  6 27  3 11  4  9  5 12 15],1,10,100,10,1.145,1.5640572390572391,1.1393043119178832
0.5,7302,[22 18 41  8 26  8 14 14 22 27],1,10,200,10,0.62245,0.7392106087228038,0.6185485130254027
0.5,7302,[58 50 81 26 53 29 40 47 55 61],1,10,500,10,0.309224,0.32225113648267034,0.3063106802808076
0.5,7302,[107  90 144  67 115  87  85  96  91 118],1,10,1000,10,0.204214,0.2041615879391006,0.20205865859898073
0.5,7302,[192 189 272 157 231 175 195 185 189 215],1,10,2000,10,0.15234999999999999,0.15106430462276982,0.15072728781246422
0.5,7302,[436 471 587 404 579 470 530 507 498 518],1,10,5000,10,0.12120560000000001,0.12024803366054995,0.12020526447187578
0.5,7302,[ 889  970 1107  891 1135  947 1011 1035  971 1044],1,10,10000,10,0.11061707999999999,0.11006151130975197,0.11005590771175305
1.5,9269,[15  5 17 18  2  6 12 11  3 11],1,10,100,10,1.1298,1.746197266785502,1.1279371332690435
1.5,9269,[33  7 39 36  2  8 27 18  3 27],1,10,200,10,0.64535,1.4145419395419394,0.6412847704304193
1.5,9269,[ 92  13 119  82   3  12  72  47   5  55],1,10,500,10,0.360456,0.87840509491828,0.3490159301183485
1.5,9269,[199  15 295 162   6  13 131  71   5 103],1,10,1000,10,0.286136,0.656271038591789,0.25839104553916725
1.5,9269,[422  17 740 289   8  17 235 107   6 159],1,10,2000,10,0.27545949999999997,0.5363853744180098,0.2134066954750673
1.5,9269,[ 879   20 2595  601    8   18  452  175    6  246],1,10,5000,10,0.34656544,0.5124008443607402,0.1874706041688345
1.5,9269,[1394   23 6528  860    8   18  624  219    7  319],1,10,10000,10,0.46837684,0.4782278667556962,0.17848933482885349
1,9269,[15  5 17 18  2  6 12 11  3 11],1,10,100,10,1.1298,1.746197266785502,1.1279371332690435
1,9269,[31 10 30 29  2 10 21 32  6 29],1,10,200,10,0.6312,1.1800926293765561,0.6285234177367937
1,9269,[68 24 91 73  4 22 54 81 16 67],1,10,500,10,0.334128,0.5848043062653431,0.3275684979496768
1,9269,[143  45 176 154   5  44 117 165  26 125],1,10,1000,10,0.236342,0.4251869796869797,0.22626001074443325
1,9269,[274 105 331 307  13  99 238 341  46 246],1,10,2000,10,0.1838595,0.23941441168798078,0.16997944956319885
1,9269,[635 258 832 778  34 257 621 860 125 600],1,10,5000,10,0.15341472,0.1536806208744923,0.13321114488052788
1,9269,[1272  507 1656 1516   76  551 1232 1705  302 1183],1,10,10000,10,0.14140544000000002,0.1245495876118333,0.11813944551117095
0.5,9269,[15  5 17 18  2  6 12 11  3 11],1,10,100,10,1.1298,1.746197266785502,1.1279371332690435
0.5,9269,[24 12 30 28  8 19 24 26  4 25],1,10,200,10,0.61805,0.8418074031231926,0.6164059349503829
0.5,9269,[60 43 71 54 33 51 56 74 18 40],1,10,500,10,0.310528,0.3343625915474242,0.30769795525387633
0.5,9269,[113 105 123 111  72 100 104 128  48  96],1,10,1000,10,0.205148,0.20807923086002894,0.20307538436313882
0.5,9269,[214 200 226 220 159 200 219 254 106 202],1,10,2000,10,0.1537675,0.15282011391221256,0.15158439979706803
0.5,9269,[492 507 513 545 441 509 536 579 340 538],1,10,5000,10,0.121618,0.12041399716408366,0.1203282787349521
0.5,9269,[ 944 1011 1029  994  933 1037 1069 1120  804 1059],1,10,10000,10,0.1107105,0.11007880574421723,0.11007086083244746
1.5,6643,[16  2 21 16 13 14  1 12  4  1],1,10,100,10,1.1484,3.2543040293040293,1.146419201946613
1.5,6643,[42  2 47 32 18 22  1 28  7  1],1,10,200,10,0.6661,2.9559176491357344,0.6603373737547763
1.5,6643,[159   4 125  82  30  47   1  43   8   1],1,10,500,10,0.41068,2.5793501731588226,0.3840926293227371
1.5,6643,[412   4 258 137  45  73   1  61   8   1],1,10,1000,10,0.36623399999999995,2.5409167185134196,0.298779781406053
1.5,6643,[1013    4  530  202   59   95    1   84   11    1],1,10,2000,10,0.39189349999999995,2.488113775479229,0.25690893772126955
1.5,6643,[3242    4 1131  307   77  116    1  108   12    2],1,10,5000,10,0.49660752,1.9686502490960756,0.23204267738207274
1.5,6643,[7499    4 1749  391   81  136    1  124   13    2],1,10,10000,10,0.60487506,1.9579488644001768,0.2227438316325634
1,6643,[16  2 21 16 13 14  1 12  4  1],1,10,100,10,1.1484,3.2543040293040293,1.146419201946613
1,6643,[28  5 43 25 26 34  1 29  7  2],1,10,200,10,0.65025,2.1441833043130276,0.6464606790044112
1,6643,[ 73  10 106  51  66  79   8  71  30   6],1,10,500,10,0.34361600000000003,0.609634685580262,0.3354839239126459
1,6643,[131  20 233  98 133 147  23 134  71  10],1,10,1000,10,0.244378,0.35147648747237437,0.2293510759006736
1,6643,[264  39 463 202 281 296  43 248 145  19],1,10,2000,10,0.1944265,0.23029252662133146,0.17400517002909147
1,6643,[ 718  111 1118  479  739  708  110  600  362   55],1,10,5000,10,0.16243056,0.14785133795432437,0.1346730143199525
1,6643,[1397  224 2223 1004 1464 1465  217 1214  699   93],1,10,10000,10,0.15259186000000002,0.12560693928148312,0.12007336279962395
0.5,6643,[16  2 21 16 13 14  1 12  4  1],1,10,100,10,1.1484,3.2543040293040293,1.146419201946613
0.5,6643,[35  3 34 22 21 27  6 27 15 10],1,10,200,10,0.62835,0.9917975270916446,0.6253349835508016
0.5,6643,[81 18 69 43 53 73 28 58 41 36],1,10,500,10,0.315032,0.3433400435147136,0.31068108961189095
0.5,6643,[154  37 136  88 107 136  70 109  91  72],1,10,1000,10,0.21151599999999998,0.21727377271985412,0.20651564521459764
0.5,6643,[277 111 280 194 207 254 126 202 182 167],1,10,2000,10,0.157536,0.1544826432399705,0.15275206904973912
0.5,6643,[601 341 636 470 555 605 411 484 460 437],1,10,5000,10,0.12330696000000001,0.12071257410248123,0.1205829467551578
0.5,6643,[1153  803 1207  938 1050 1148  857  971  921  952],1,10,10000,10,0.1116315,0.11016361604719097,0.11014852901846275
1.5,4328,[27 22  5  1 10 11  4  4 13  3],1,10,100,10,1.167,2.483657083657084,1.160701354151864
1.5,4328,[70 50  6  1 16 15  4  9 25  4],1,10,200,10,0.7164,2.081230158730159,0.6947047154437485
1.5,4328,[226 145   8   1  36  15   6  15  42   6],1,10,500,10,0.502992,1.754575298739168,0.43409919025295485
1.5,4328,[537 275   9   1  56  24   8  19  62   9],1,10,1000,10,0.47213799999999995,1.581005203980752,0.3424232082892821
1.5,4328,[1253  520   10    1   72   27    9   23   76    9],1,10,2000,10,0.5132225,1.5325054652745997,0.30480736031123146
1.5,4328,[3727 1001   10    1   89   28   10   30   95    9],1,10,5000,10,0.61645768,1.5031883143189204,0.28051045462414076
1.5,4328,[8254 1448   10    1  103   28   10   33  104    9],1,10,10000,10,0.712488,1.4972643107228756,0.2716076393228237
1,4328,[27 22  5  1 10 11  4  4 13  3],1,10,100,10,1.167,2.483657083657084,1.160701354151864
1,4328,[68 43  7  5 13 16  6 13 25  4],1,10,200,10,0.69545,1.1538316596763931,0.6749525388531885
1,4328,[192  83  19  12  32  30  12  37  66  17],1,10,500,10,0.40936,0.502140176642093,0.3608555827475832
1,4328,[363 164  40  27  75  69  22  85 121  34],1,10,1000,10,0.294886,0.2936109847585058,0.23915277469456292
1,4328,[742 345  75  58 142 149  52 146 239  52],1,10,2000,10,0.251197,0.19806958912873612,0.177933798553725
1,4328,[1842  853  186  155  354  403  117  389  579  122],1,10,5000,10,0.21928216,0.1398909660947075,0.13477739427519106
1,4328,[3691 1648  347  300  760  857  223  810 1148  216],1,10,10000,10,0.20932232,0.1207951363378782,0.11896468311589212
0.5,4328,[27 22  5  1 10 11  4  4 13  3],1,10,100,10,1.167,2.483657083657084,1.160701354151864
0.5,4328,[36 35 13  9 27 20 11 22 24  3],1,10,200,10,0.62725,0.9427840677840676,0.6238517784821027
0.5,4328,[61 75 52 39 68 52 30 60 52 11],1,10,500,10,0.312896,0.3686750825516496,0.31017610442355803
0.5,4328,[114 146 113  83 120  96  78 117 100  33],1,10,1000,10,0.208448,0.21693954685681444,0.2052958917178164
0.5,4328,[215 253 216 179 239 192 182 228 204  92],1,10,2000,10,0.154526,0.15386438392929333,0.15202985909516245
0.5,4328,[536 596 521 493 521 491 466 565 473 338],1,10,5000,10,0.12175512000000001,0.12043593206532316,0.12034702038197488
0.5,4328,[1092 1082 1042 1009 1011  953  934 1100 1016  761],1,10,10000,10,0.11091096,0.11010724327202796,0.11009581526021266
1.5,8600,[12 14  5  9  9  3  7 20  4 17],1,10,100,10,1.129,1.5119981325863678,1.1265312438218695
1.5,8600,[28 21 11 15 18  4 12 48  4 39],1,10,200,10,0.6474,1.026272338772339,0.6396537593885494
1.5,8600,[ 78  33  21  35  32   4  16 152   6 123],1,10,500,10,0.39361599999999997,0.7444397146499201,0.36372891941126084
1.5,8600,[144  46  30  44  46   5  20 416   8 241],1,10,1000,10,0.35943,0.5880365351218229,0.2810621518954637
1.5,8600,[ 228   60   37   56   59    5   27 1027   11  490],1,10,2000,10,0.38981849999999996,0.5138466081126181,0.23973155509783373
1.5,8600,[ 378   77   45   75   76    5   30 3249   12 1053],1,10,5000,10,0.49312472,0.4822700872193024,0.21433935089969797
1.5,8600,[ 494   83   48   81   85    6   31 7534   14 1624],1,10,10000,10,0.6066674,0.43011800027192826,0.205700054670548
1,8600,[12 14  5  9  9  3  7 20  4 17],1,10,100,10,1.129,1.5119981325863678,1.1265312438218695
1,8600,[28 27  9 13 14 12 17 42  9 29],1,10,200,10,0.62695,0.7437743385005047,0.6221381036421418
1,8600,[ 70  72  21  32  45  30  45 102  23  60],1,10,500,10,0.32412799999999997,0.3547702776762879,0.315980868013644
1,8600,[148 132  48  76 103  59  84 200  49 101],1,10,1000,10,0.22115600000000002,0.22219554807821823,0.21031044472451987
1,8600,[293 274  85 161 187 146 158 406  94 196],1,10,2000,10,0.171852,0.1617679057776399,0.1572074459667554
1,8600,[ 732  688  199  397  448  369  372 1030  259  506],1,10,5000,10,0.14262576,0.12480213013928687,0.12379885168013886
1,8600,[1480 1353  369  783  908  725  739 2134  485 1024],1,10,10000,10,0.13504226000000003,0.11274277391935152,0.11239570718405442
0.5,8600,[12 14  5  9  9  3  7 20  4 17],1,10,100,10,1.129,1.5119981325863678,1.1265312438218695
0.5,8600,[26 28 10 17 16  7 25 31 11 29],1,10,200,10,0.61755,0.7360064104906413,0.6153067800949737
0.5,8600,[59 67 26 42 57 25 59 69 32 64],1,10,500,10,0.310584,0.33000635376244764,0.3077425580580615
0.5,8600,[126 135  57 112 109  50 105 127  71 108],1,10,1000,10,0.20813399999999999,0.21173224992156886,0.20473696686922294
0.5,8600,[231 251 152 218 209 124 224 247 144 200],1,10,2000,10,0.15449200000000002,0.1527856896846772,0.15170719612179004
0.5,8600,[578 597 437 492 497 391 532 583 392 501],1,10,5000,10,0.12203976000000001,0.120437606225095,0.12035947424214954
0.5,8600,[1172 1181  922 1001  982  838  998 1114  849  943],1,10,10000,10,0.11134047999999999,0.11013320119527309,0.11012104768263388
1.5,5797,[10  4 22  1 13 11 10 19  9  1],1,10,100,10,1.1434,2.927029403345193,1.1405296944074292
1.5,5797,[18  4 49  1 28 22 17 42 17  2],1,10,200,10,0.6589,2.1485891326227464,0.6515410914414916
1.5,5797,[ 21   8 161   1  74  54  32 115  30   4],1,10,500,10,0.399936,1.63414124528255,0.3708012606227133
1.5,5797,[ 28  10 390   1 139 111  41 227  49   4],1,10,1000,10,0.340254,1.5536853354030713,0.27968702236101295
1.5,5797,[ 36  13 977   1 219 163  53 467  67   4],1,10,2000,10,0.36398199999999997,1.5023602008108556,0.2373723613835904
1.5,5797,[  42   13 3170    1  352  244   67 1018   89    4],1,10,5000,10,0.47132096,1.485130974354125,0.21279695293411757
1.5,5797,[  47   14 7464    1  448  296   74 1552  100    4],1,10,10000,10,0.59426218,1.4726075082393444,0.2037728717004575
1,5797,[10  4 22  1 13 11 10 19  9  1],1,10,100,10,1.1434,2.927029403345193,1.1405296944074292
1,5797,[16  7 52  4 34 22 12 33 19  1],1,10,200,10,0.6565,1.815722164832072,0.6481697923571299
1,5797,[ 42  20 114  12  73  82  23  83  47   4],1,10,500,10,0.348,0.6186115884409548,0.33629921975276933
1,5797,[ 83  47 234  23 153 143  50 174  83  10],1,10,1000,10,0.248006,0.33240082757212597,0.22899425620872813
1,5797,[173  94 477  38 286 290  97 342 190  13],1,10,2000,10,0.199069,0.24719513936062293,0.17418057574646523
1,5797,[ 421  238 1198   87  657  714  257  898  491   39],1,10,5000,10,0.16932632,0.1545109070867441,0.135565458215245
1,5797,[ 889  498 2357  143 1356 1402  509 1771 1002   73],1,10,10000,10,0.15823418,0.12922681994998014,0.1210983321501653
0.5,5797,[10  4 22  1 13 11 10 19  9  1],1,10,100,10,1.1434,2.927029403345193,1.1405296944074292
0.5,5797,[16 10 29 11 25 23 22 38 19  7],1,10,200,10,0.62025,0.7386291671320867,0.6170889543371101
0.5,5797,[47 33 61 35 52 62 60 74 49 27],1,10,500,10,0.307992,0.31952967921344766,0.30557158511705
0.5,5797,[ 91  78 128  74 115 119  95 128 108  64],1,10,1000,10,0.20478000000000002,0.20545762589022112,0.20252535808134453
0.5,5797,[188 172 243 142 196 236 192 245 225 161],1,10,2000,10,0.152922,0.1515755017901,0.15101746641934283
0.5,5797,[476 430 567 408 484 584 492 580 537 442],1,10,5000,10,0.12147752,0.12030081411165329,0.12024958455580774
0.5,5797,[ 946  894 1115  858  988 1179  986 1078 1028  928],1,10,10000,10,0.11091974,0.11009052642738415,0.11008235294219681
1.5,1717,[18  9 12 23  4  3  5 12  6  8],1,10,100,10,1.1372,1.5518115942028985,1.1334354936623712
1.5,1717,[45 14 26 61  6  3  6 15 13 11],1,10,200,10,0.68035,1.149671275900784,0.6643216425737143
1.5,1717,[111  29  44 222   8   3  11  25  27  20],1,10,500,10,0.46532,0.8470030061409372,0.3956582708326539
1.5,1717,[189  42  74 572   9   3  11  35  40  25],1,10,1000,10,0.47380599999999995,0.7732872582872583,0.31426781695136063
1.5,1717,[ 326   50   99 1381    9    3   11   47   49   25],1,10,2000,10,0.5577960000000001,0.7509309020887311,0.2787116077209413
1.5,1717,[ 517   60  126 4117    9    3   11   62   65   30],1,10,5000,10,0.7098253600000001,0.7269808222216327,0.25220981044873814
1.5,1717,[ 672   64  140 8935    9    3   11   66   69   31],1,10,10000,10,0.81319794,0.7216237404433392,0.2447210479460536
1,1717,[18  9 12 23  4  3  5 12  6  8],1,10,100,10,1.1372,1.5518115942028985,1.1334354936623712
1,1717,[33 17 21 50  9  7  8 24 12 19],1,10,200,10,0.63985,0.813345440249465,0.6318216798207593
1,1717,[ 83  45  45 136  29  25  11  53  36  37],1,10,500,10,0.345984,0.40291015725488666,0.3272677358115862
1,1717,[141  87  74 288  59  66  36 115  63  71],1,10,1000,10,0.24723799999999999,0.2341038077517075,0.2179686762245578
1,1717,[273 173 157 565 115 142  74 243 120 138],1,10,2000,10,0.1949225,0.16652904443075947,0.1611133228029013
1,1717,[ 634  436  426 1413  276  366  215  654  290  290],1,10,5000,10,0.16489479999999998,0.12635819231734205,0.12535210488639076
1,1717,[1250  902  858 2804  527  743  443 1292  587  594],1,10,10000,10,0.1536738,0.1130926195709592,0.11282175509589498
0.5,1717,[18  9 12 23  4  3  5 12  6  8],1,10,100,10,1.1372,1.5518115942028985,1.1334354936623712
0.5,1717,[31 23 19 32  9  5 11 35 17 18],1,10,200,10,0.6235,0.8045886198920136,0.6203054774519604
0.5,1717,[62 52 49 59 45 23 40 68 44 58],1,10,500,10,0.306032,0.31809213477885895,0.30439485846404357
0.5,1717,[121  98  96 118 111  63  82 121  81 109],1,10,1000,10,0.203482,0.20422138796253647,0.20188902624462568
0.5,1717,[236 195 195 205 216 138 175 256 176 208],1,10,2000,10,0.152468,0.15135779981751132,0.15086613387625306
0.5,1717,[563 487 471 531 509 402 477 594 453 513],1,10,5000,10,0.12109472,0.1202249281775868,0.12018610301623897
0.5,1717,[1117  962  957 1034  997  872  956 1121  990  994],1,10,10000,10,0.11051244,0.11005082726506674,0.11004620908963479
1.5,2686,[15 12  2 26 31  1  7  3  2  1],1,10,100,10,1.2074,3.7969100791681436,1.1988502906490879
1.5,2686,[30 12  2 58 72  1 12  9  3  1],1,10,200,10,0.7458,3.275574712643678,0.7236659508691654
1.5,2686,[ 62  21   4 186 190   1  13  16   5   2],1,10,500,10,0.501808,2.2638106587809474,0.4483588093210973
1.5,2686,[ 93  23   4 424 405   2  17  23   6   3],1,10,1000,10,0.453862,1.5113603656914452,0.3628331115226885
1.5,2686,[121  30   4 950 838   2  21  25   6   3],1,10,2000,10,0.455354,1.4814627927636803,0.3232285905044364
1.5,2686,[ 170   35    4 2643 2085    2   22   29    7    3],1,10,5000,10,0.47456808,1.4414395360118692,0.2972283965972131
1.5,2686,[ 208   37    4 5637 4048    2   23   31    7    3],1,10,10000,10,0.49208274,1.4341859558098948,0.28734738777253843
1,2686,[15 12  2 26 31  1  7  3  2  1],1,10,100,10,1.2074,3.7969100791681436,1.1988502906490879
1,2686,[22 23  7 43 60  5 19  6  8  7],1,10,200,10,0.67615,1.0588678182725866,0.6614540026446893
1,2686,[ 49  45  14 118 160  13  52  13  16  20],1,10,500,10,0.391376,0.5143604562642093,0.35772142242469207
1,2686,[ 97  81  25 234 330  32  94  31  31  45],1,10,1000,10,0.294058,0.29858541379348913,0.24280520484722876
1,2686,[190 151  47 483 640  65 202  77  57  88],1,10,2000,10,0.24148750000000002,0.1990247830043428,0.17860917715447863
1,2686,[ 478  374  131 1181 1616  157  495  204  135  229],1,10,5000,10,0.21094775999999998,0.1389307959094907,0.13456818998145004
1,2686,[ 994  733  238 2373 3221  304  964  389  294  490],1,10,10000,10,0.20087508,0.1196435325008052,0.11830356201602779
0.5,2686,[15 12  2 26 31  1  7  3  2  1],1,10,100,10,1.2074,3.7969100791681436,1.1988502906490879
0.5,2686,[34 23  7 38 55  5 17  7  6  8],1,10,200,10,0.66665,1.053592115023667,0.6555823410199839
0.5,2686,[ 76  52  34  75 111  21  50  31  24  26],1,10,500,10,0.330944,0.36414808827921774,0.3199264491956142
0.5,2686,[137 111  84 139 183  68  88  69  66  55],1,10,1000,10,0.215466,0.2147673721384964,0.2073638926539339
0.5,2686,[250 222 177 258 305 152 201 156 153 126],1,10,2000,10,0.157457,0.15374566334118017,0.1524608340748905
0.5,2686,[590 516 434 622 681 416 499 443 396 403],1,10,5000,10,0.12363552000000001,0.1206850256552135,0.12057492620861725
0.5,2686,[1074 1009  934 1174 1200  920 1000  963  854  872],1,10,10000,10,0.11125658,0.11012109217433694,0.11011035671247292
1.5,5160,[10  9  5 17  1  9  2  6 36  5],1,10,100,10,1.1938,2.5754901960784315,1.1800768540944224
1.5,5160,[20 14  6 29  1 12  3 12 96  7],1,10,200,10,0.7759,2.075851806239737,0.7249460162298391
1.5,5160,[ 34  16  11  61   1  19   4  14 332   8],1,10,500,10,0.6644639999999999,1.801286496806635,0.4894596171724908
1.5,5160,[ 48  18  11  89   1  21   5  20 779   8],1,10,1000,10,0.7184419999999999,1.702436679520704,0.415815263794888
1.5,5160,[  55   20   13  122    1   22    5   23 1731    8],1,10,2000,10,0.8039855,1.6678121234914922,0.38017059672604214
1.5,5160,[  63   23   15  143    1   24    5   27 4691    8],1,10,5000,10,0.9012819200000001,1.6369278282692499,0.3559636587282765
1.5,5160,[  67   24   19  161    1   25    5   27 9663    8],1,10,10000,10,0.9440636,1.6175753234393768,0.34420826311354036
1,5160,[10  9  5 17  1  9  2  6 36  5],1,10,100,10,1.1938,2.5754901960784315,1.1800768540944224
1,5160,[26 15 11 30  1 22  5 14 70  6],1,10,200,10,0.6891,1.827206127206127,0.6685941243935647
1,5160,[ 70  33  28  68   2  71  19  22 169  18],1,10,500,10,0.38468800000000003,0.8686522594190079,0.35223715861788973
1,5160,[122  72  56 125   7 172  43  42 329  32],1,10,1000,10,0.28134000000000003,0.3779687008438458,0.23887695867245295
1,5160,[240 156 103 259  12 360  89  87 628  66],1,10,2000,10,0.2259,0.24973185568227194,0.17761313047030292
1,5160,[ 613  447  252  637   26  906  179  193 1591  156],1,10,5000,10,0.1996508,0.1667785929890674,0.1386074344698709
1,5160,[1241  879  493 1288   57 1879  344  394 3116  309],1,10,10000,10,0.18827114,0.13182652893548674,0.1220720613419305
0.5,5160,[10  9  5 17  1  9  2  6 36  5],1,10,100,10,1.1938,2.5754901960784315,1.1800768540944224
0.5,5160,[23 24 10 26  9 18  8 14 55 13],1,10,200,10,0.6435,0.7818065991979034,0.6330420941311483
0.5,5160,[59 55 34 59 41 50 25 37 98 42],1,10,500,10,0.314744,0.32692276434408923,0.3090598711422686
0.5,5160,[ 97 109  79 111  86  96  67  82 175  98],1,10,1000,10,0.207906,0.20623426321012872,0.2033948340269418
0.5,5160,[195 208 161 210 167 203 161 182 282 231],1,10,2000,10,0.1530845,0.1514039038870194,0.1509568905536113
0.5,5160,[517 494 424 541 471 520 428 450 623 532],1,10,5000,10,0.1213144,0.12025517255497063,0.12021318439363558
0.5,5160,[ 996 1013  902 1049  943 1070  848  919 1189 1071],1,10,10000,10,0.11090765999999999,0.11009027829249202,0.11008203215146062
1.5,3757,[28  1  1  8  4  7  6 30  8  7],1,10,100,10,1.1964000000000001,3.121428571428571,1.185711053964881
1.5,3757,[61  2  1 14  4  8  9 76 15 10],1,10,200,10,0.7545999999999999,2.3537576865661425,0.7249190792133743
1.5,3757,[163   2   1  21   5   9  16 236  31  16],1,10,500,10,0.53716,2.1263604807070347,0.46127450329814934
1.5,3757,[332   2   2  25   7   9  19 539  43  22],1,10,1000,10,0.504202,1.5201775280860006,0.3787993453186317
1.5,3757,[ 591    2    2   27    8   10   23 1254   56   27],1,10,2000,10,0.5317729999999999,1.462898973343978,0.33820473438421894
1.5,3757,[1205    2    2   29    9   11   25 3627   62   28],1,10,5000,10,0.6045383200000001,1.4294518640850435,0.3180968889553391
1.5,3757,[1877    3    2   33    9   11   28 7941   67   29],1,10,10000,10,0.67590028,1.2514376769008242,0.3067241807886272
1,3757,[28  1  1  8  4  7  6 30  8  7],1,10,100,10,1.1964000000000001,3.121428571428571,1.185711053964881
1,3757,[53  3  1 17  4 18  8 65 16 15],1,10,200,10,0.70545,2.0861316248802373,0.6858170685165299
1,3757,[156  12   2  43   9  55  22 138  33  30],1,10,500,10,0.40382399999999996,0.9586296188925106,0.36855736147674956
1,3757,[308  29   4  89  20 117  47 268  60  58],1,10,1000,10,0.298728,0.5164284604759056,0.2509420544403574
1,3757,[611  56   8 197  40 229  90 542 110 117],1,10,2000,10,0.24925599999999998,0.30953080562653934,0.1880277101253584
1,3757,[1597  137   21  443  103  531  217 1334  298  319],1,10,5000,10,0.22302592,0.1812422262015141,0.1432188404012091
1,3757,[3157  269   43  864  206 1040  432 2723  621  645],1,10,10000,10,0.2131441,0.1401061076700819,0.12524383896017707
0.5,3757,[28  1  1  8  4  7  6 30  8  7],1,10,100,10,1.1964000000000001,3.121428571428571,1.185711053964881
0.5,3757,[45 11  6 14 10 23 15 44 19 13],1,10,200,10,0.64245,0.813653407360501,0.6339328547773917
0.5,3757,[84 44 20 43 31 52 39 99 47 41],1,10,500,10,0.320472,0.34078555772157687,0.3128166529250517
0.5,3757,[141  86  58  86  83 102  84 178  99  83],1,10,1000,10,0.21076,0.2091134484900515,0.2047823520011786
0.5,3757,[258 177 145 175 160 202 200 320 187 176],1,10,2000,10,0.15607300000000002,0.15249143075900684,0.15174646712504825
0.5,3757,[582 484 422 472 428 489 517 692 464 450],1,10,5000,10,0.12240408000000001,0.12041079676632947,0.12034983364716405
0.5,3757,[1117  966  879  975  884 1011 1040 1237  968  923],1,10,10000,10,0.11108409999999999,0.1101005180601877,0.11009189867844468
